,genre,subset,train_accuracy,test_accuracy,train_weighted_f1,train_weighted_precision,train_weighted_recall,test_weighted_f1,test_weighted_precision,test_weighted_recall,classifier,representation,segmentation
0,responsory,full,0.9483949613978058,0.9203413940256046,0.9482650915632724,0.9486101021880318,0.9483949613978058,0.9199276226362707,0.920230381620632,0.9203413940256046,linear_svc,pitch,neumes
1,responsory,full,0.9624136529865908,0.9298245614035088,0.9623533560314014,0.9624741101841957,0.9624136529865908,0.9296499708875987,0.9300528202915797,0.9298245614035088,linear_svc,pitch,syllables
2,responsory,full,0.9703372612759041,0.9137031768610716,0.9702712524543273,0.9704613226670751,0.9703372612759041,0.9132614332651756,0.9140233356652704,0.9137031768610716,linear_svc,pitch,words
3,responsory,full,0.8736286062576188,0.8639165481270744,0.8731942642940128,0.8737459239629823,0.8736286062576188,0.8639054385054412,0.8646223548994754,0.8639165481270744,linear_svc,pitch,1-mer
4,responsory,full,0.9234051198699715,0.9013750592697961,0.9231952520121922,0.9234909944191563,0.9234051198699715,0.9009488823478584,0.901289509451532,0.9013750592697961,linear_svc,pitch,2-mer
5,responsory,full,0.958553433563592,0.9165481270744429,0.9584877886397397,0.9586143060357255,0.958553433563592,0.9162814607100151,0.9164365435352834,0.9165481270744429,linear_svc,pitch,3-mer
6,responsory,full,0.9766355140186916,0.9165481270744429,0.9766151010835906,0.9767309902357185,0.9766355140186916,0.9158379333047248,0.9167920917325705,0.9165481270744429,linear_svc,pitch,4-mer
7,responsory,full,0.9924827305973182,0.9151256519677572,0.9924843484769044,0.9924979330942995,0.9924827305973182,0.9146315365096787,0.9155818526489984,0.9151256519677572,linear_svc,pitch,5-mer
8,responsory,full,0.9884193417310037,0.8824087245139877,0.9884250522652474,0.9884667682715763,0.9884193417310037,0.8803685742267421,0.8839175781146797,0.8824087245139877,linear_svc,pitch,6-mer
9,responsory,full,0.9833401056481105,0.8587008060692272,0.9833218139209113,0.9834539236773572,0.9833401056481105,0.8559681328893952,0.8586431403645929,0.8587008060692272,linear_svc,pitch,7-mer
10,responsory,full,0.9819179195449005,0.8169748696064486,0.9820752849484822,0.9829540807953723,0.9819179195449005,0.8154998537919214,0.8176802355819092,0.8169748696064486,linear_svc,pitch,8-mer
11,responsory,full,0.9388459975619666,0.7871028923660502,0.9396132179493488,0.9451715152716422,0.9388459975619666,0.7843348850884151,0.7964895079971701,0.7871028923660502,linear_svc,pitch,9-mer
12,responsory,full,0.9055262088581877,0.7558084400189663,0.9066905863226637,0.9171907986349621,0.9055262088581877,0.7523680198149525,0.7752796242121969,0.7558084400189663,linear_svc,pitch,10-mer
13,responsory,full,0.8892726533929297,0.7311522048364154,0.8911435260905797,0.905659675719151,0.8892726533929297,0.7302930470730395,0.7568217106267089,0.7311522048364154,linear_svc,pitch,11-mer
14,responsory,full,0.8811458756603007,0.6993835941204363,0.8844607997131635,0.9051531546934614,0.8811458756603007,0.6995142466912171,0.7352238345196104,0.6993835941204363,linear_svc,pitch,12-mer
15,responsory,full,0.8742381145875661,0.6908487434803224,0.8781723470704383,0.9007060172940786,0.8742381145875661,0.6939795869997787,0.7439522531100802,0.6908487434803224,linear_svc,pitch,13-mer
16,responsory,full,0.8616416091019911,0.6306306306306306,0.8655997238106188,0.8897625033354647,0.8616416091019911,0.6323733981119776,0.6867391924057586,0.6306306306306306,linear_svc,pitch,14-mer
17,responsory,full,0.8667208451848842,0.6386913229018493,0.8728068706174505,0.9017058405695166,0.8667208451848842,0.6417704552998327,0.706003787332328,0.6386913229018493,linear_svc,pitch,15-mer
18,responsory,full,0.8559528646891508,0.6083451872925557,0.862424476334841,0.8951912434411513,0.8559528646891508,0.6144049356439965,0.7037595452862772,0.6083451872925557,linear_svc,pitch,16-mer
19,responsory,full,0.9705404307192198,0.8605974395448079,0.9705401087441097,0.9707176535150284,0.9705404307192198,0.8582459081541932,0.8594632946479841,0.8605974395448079,linear_svc,pitch,poisson-3
20,responsory,full,0.9967492889069484,0.7847321005215742,0.9967494888798908,0.9967564963001008,0.9967492889069484,0.7813701149796748,0.782774430013386,0.7847321005215742,linear_svc,pitch,poisson-5
21,responsory,full,0.9402681836651767,0.701280227596017,0.9397606078010462,0.9414895062684306,0.9402681836651767,0.6911223970857118,0.6958103702350811,0.701280227596017,linear_svc,pitch,poisson-7
22,responsory,full,0.9869971556277936,0.8624940730203888,0.9869968621441142,0.987047254329295,0.9869971556277936,0.8617324879188556,0.8619436231931503,0.8624940730203888,linear_svc,interval-dependent,neumes
23,responsory,full,0.9886225111743194,0.889995258416311,0.9886246885073137,0.9886665736064039,0.9886225111743194,0.8890199245454022,0.8893798853027124,0.889995258416311,linear_svc,interval-dependent,syllables
24,responsory,full,0.9670865501828525,0.8653390232337601,0.9669920797313081,0.9675057926406081,0.9670865501828525,0.8634171927942449,0.8671139276409323,0.8653390232337601,linear_svc,interval-dependent,words
25,responsory,full,0.5723283218203982,0.5467045993361783,0.5464513680904178,0.5553574546899851,0.5723283218203982,0.5269686293700906,0.541909536408111,0.5467045993361783,linear_svc,interval-dependent,1-mer
26,responsory,full,0.8130841121495327,0.7368421052631579,0.8115520206903367,0.8130732242199351,0.8130841121495327,0.7344022759173835,0.7337265369526429,0.7368421052631579,linear_svc,interval-dependent,2-mer
27,responsory,full,0.9089800893945551,0.8103366524419156,0.9085513716318208,0.9096475791516049,0.9089800893945551,0.8080638795061975,0.8095657242527539,0.8103366524419156,linear_svc,interval-dependent,3-mer
28,responsory,full,0.9922795611540024,0.8387861545756282,0.9922802436163095,0.9922876265243157,0.9922795611540024,0.837856710823837,0.8387268918521747,0.8387861545756282,linear_svc,interval-dependent,4-mer
29,responsory,full,0.9953271028037384,0.8482693219535324,0.9953284377599287,0.9953379941993309,0.9953271028037384,0.8458525970874571,0.8479809996088704,0.8482693219535324,linear_svc,interval-dependent,5-mer
30,responsory,full,0.982933766761479,0.8141299193930773,0.982924641299247,0.9831426416846422,0.982933766761479,0.8092395969541473,0.8180377651586446,0.8141299193930773,linear_svc,interval-dependent,6-mer
31,responsory,full,0.9884193417310037,0.8060692271218587,0.9884230659457443,0.988550898481267,0.9884193417310037,0.8036610645239624,0.8064541374179316,0.8060692271218587,linear_svc,interval-dependent,7-mer
32,responsory,full,0.9719626168224299,0.7743006164058795,0.9723655502646045,0.974240426277092,0.9719626168224299,0.7709437279866935,0.7750269318147156,0.7743006164058795,linear_svc,interval-dependent,8-mer
33,responsory,full,0.936407964242178,0.7591275486012328,0.9373524459692973,0.9432993932011233,0.936407964242178,0.7561781331672626,0.7671930120131992,0.7591275486012328,linear_svc,interval-dependent,9-mer
34,responsory,full,0.886834620073141,0.7112375533428165,0.8875865684173375,0.9024152712677929,0.886834620073141,0.7072070618485644,0.7345806969548483,0.7112375533428165,linear_svc,interval-dependent,10-mer
35,responsory,full,0.880130028443722,0.6936936936936937,0.8813833470525004,0.8980595010790225,0.880130028443722,0.6910053832703984,0.720142127811749,0.6936936936936937,linear_svc,interval-dependent,11-mer
36,responsory,full,0.8711905729378302,0.6856330014224751,0.8756809265859118,0.9009945141707104,0.8711905729378302,0.6868478532609504,0.7250721660303381,0.6856330014224751,linear_svc,interval-dependent,12-mer
37,responsory,full,0.8675335229581471,0.6600284495021337,0.8715752956923403,0.8943150172122244,0.8675335229581471,0.6637442763720061,0.7216139137757557,0.6600284495021337,linear_svc,interval-dependent,13-mer
38,responsory,full,0.8608289313287282,0.6154575628259839,0.8647676728401031,0.8927915543909856,0.8608289313287282,0.6180005145105121,0.688615594901686,0.6154575628259839,linear_svc,interval-dependent,14-mer
39,responsory,full,0.846200731409996,0.6097676623992413,0.8510521932981571,0.8835100932045352,0.846200731409996,0.6098535570075457,0.6852001514400934,0.6097676623992413,linear_svc,interval-dependent,15-mer
40,responsory,full,0.8388866314506298,0.5718349928876245,0.844211126331387,0.879009075883897,0.8388866314506298,0.5712983471287699,0.6639984419624885,0.5718349928876245,linear_svc,interval-dependent,16-mer
41,responsory,full,0.942299878098334,0.6946420104314841,0.9418889296138949,0.9435360763583562,0.942299878098334,0.682288812063902,0.6927694612336295,0.6946420104314841,linear_svc,interval-dependent,poisson-3
42,responsory,full,0.9662738724095896,0.6339497392128971,0.9661576369373409,0.9668405259502647,0.9662738724095896,0.6182905209088826,0.626615100790756,0.6339497392128971,linear_svc,interval-dependent,poisson-5
43,responsory,full,0.9618041446566437,0.5718349928876245,0.9617675564204572,0.9626129459155983,0.9618041446566437,0.5559617835371793,0.5603220674075337,0.5718349928876245,linear_svc,interval-dependent,poisson-7
44,responsory,full,0.9189353921170256,0.793266951161688,0.9182143491096884,0.9193958121653959,0.9189353921170256,0.7901463860544528,0.7920225342595892,0.793266951161688,linear_svc,interval-independent,neumes
45,responsory,full,0.9579439252336449,0.8563300142247511,0.9578362851033757,0.958361997619705,0.9579439252336449,0.8533904395056834,0.8586392330821868,0.8563300142247511,linear_svc,interval-independent,syllables
46,responsory,full,0.9833401056481105,0.8653390232337601,0.9833269931483022,0.9833817427302566,0.9833401056481105,0.8637795199904008,0.865214381257255,0.8653390232337601,linear_svc,interval-independent,words
47,responsory,full,0.20926452661519707,0.20957799905168326,0.07242690269275973,0.04379164209948252,0.20926452661519707,0.07262522585718854,0.043922937686507346,0.20957799905168326,linear_svc,interval-independent,1-mer
48,responsory,full,0.44209670865501827,0.40730203888098626,0.3935389659695324,0.4157404227298493,0.44209670865501827,0.36082805605877794,0.37332690751413045,0.40730203888098626,linear_svc,interval-independent,2-mer
49,responsory,full,0.7070296627387241,0.6543385490753911,0.700160188875672,0.7072850544788609,0.7070296627387241,0.6466512383349257,0.6497423599175509,0.6543385490753911,linear_svc,interval-independent,3-mer
50,responsory,full,0.9000406338886632,0.7614983404457089,0.8995671705365587,0.9013494326288385,0.9000406338886632,0.7585467604811686,0.7583333410648346,0.7614983404457089,linear_svc,interval-independent,4-mer
51,responsory,full,0.9530678585940675,0.8098624940730204,0.952992333200578,0.9538077555563753,0.9530678585940675,0.8066179482359047,0.811232899250765,0.8098624940730204,linear_svc,interval-independent,5-mer
52,responsory,full,0.9997968305566842,0.8207681365576103,0.9997968395013012,0.9997970635491651,0.9997968305566842,0.8189953496499295,0.8198294133318543,0.8207681365576103,linear_svc,interval-independent,6-mer
53,responsory,full,0.9963429500203169,0.8141299193930773,0.9963429455967883,0.996350289746321,0.9963429500203169,0.8112140213566584,0.8122305762532734,0.8141299193930773,linear_svc,interval-independent,7-mer
54,responsory,full,0.9914668833807395,0.7875770507349454,0.9914751586663985,0.9915747386183185,0.9914668833807395,0.783751668376589,0.7856263291699092,0.7875770507349454,linear_svc,interval-independent,8-mer
55,responsory,full,0.9494108086143844,0.7610241820768137,0.9495847306058263,0.952269940258633,0.9494108086143844,0.7560975699286379,0.7648165392290088,0.7610241820768137,linear_svc,interval-independent,9-mer
56,responsory,full,0.9189353921170256,0.7306780464675201,0.9192986521707145,0.9258622582663589,0.9189353921170256,0.7256552327198735,0.747877503029038,0.7306780464675201,linear_svc,interval-independent,10-mer
57,responsory,full,0.9140593254774482,0.7192982456140351,0.9156808799003003,0.9268645881626194,0.9140593254774482,0.7168792174810537,0.7383948376964894,0.7192982456140351,linear_svc,interval-independent,11-mer
58,responsory,full,0.8839902478667209,0.6884779516358464,0.8867684722173075,0.9065376082867685,0.8839902478667209,0.6871855316225605,0.7177644505904189,0.6884779516358464,linear_svc,interval-independent,12-mer
59,responsory,full,0.8626574563185697,0.6690374585111427,0.8654696787773289,0.8883051043276847,0.8626574563185697,0.6702050186419205,0.7206204713204304,0.6690374585111427,linear_svc,interval-independent,13-mer
60,responsory,full,0.8740349451442503,0.6206733048838312,0.8780311073139521,0.9011850083284466,0.8740349451442503,0.6213731492451156,0.6728291350988563,0.6206733048838312,linear_svc,interval-independent,14-mer
61,responsory,full,0.8553433563592036,0.6230440967283073,0.8608510135009954,0.8894970128342383,0.8553433563592036,0.6251057629992284,0.690811531012078,0.6230440967283073,linear_svc,interval-independent,15-mer
62,responsory,full,0.8573750507923609,0.5874822190611664,0.8629497790167768,0.8921037580673328,0.8573750507923609,0.5892469391759513,0.674765503353032,0.5874822190611664,linear_svc,interval-independent,16-mer
63,responsory,full,0.9360016253555465,0.6036036036036037,0.9359232795740537,0.9371332207423659,0.9360016253555465,0.5921847638810496,0.5986316230511066,0.6036036036036037,linear_svc,interval-independent,poisson-3
64,responsory,full,0.9390491670052824,0.604551920341394,0.9385795118551551,0.940533971820941,0.9390491670052824,0.5840045307627646,0.5938387965706732,0.604551920341394,linear_svc,interval-independent,poisson-5
65,responsory,full,0.9351889475822837,0.5642484589853011,0.9347564848045034,0.9376299349970887,0.9351889475822837,0.5451221640624315,0.5648761025094281,0.5642484589853011,linear_svc,interval-independent,poisson-7
66,responsory,full,0.7397399431125559,0.6273115220483642,0.7347887196580637,0.744456011936573,0.7397399431125559,0.6194090303580886,0.6277615147196417,0.6273115220483642,linear_svc,contour-dependent,neumes
67,responsory,full,0.9449410808614385,0.7880512091038406,0.9448638600562631,0.9456551987328324,0.9449410808614385,0.7858604072503783,0.7914648156036975,0.7880512091038406,linear_svc,contour-dependent,syllables
68,responsory,full,0.9876066639577408,0.829302987197724,0.9876038706456491,0.9876339986875113,0.9876066639577408,0.8281119069422805,0.8303793841360331,0.829302987197724,linear_svc,contour-dependent,words
69,responsory,full,0.275904104022755,0.2716927453769559,0.20276786761357,0.17532851087385654,0.275904104022755,0.19667732564600474,0.1741564854774046,0.2716927453769559,linear_svc,contour-dependent,1-mer
70,responsory,full,0.31511580658268995,0.2935040303461356,0.2654872808491397,0.28331961848152964,0.31511580658268995,0.2455826542867783,0.26573255498578974,0.2935040303461356,linear_svc,contour-dependent,2-mer
71,responsory,full,0.4077610727346607,0.3930772878141299,0.37923627989996966,0.38730477223671184,0.4077610727346607,0.3675797423510096,0.3798297183065447,0.3930772878141299,linear_svc,contour-dependent,3-mer
72,responsory,full,0.5345388053636733,0.48032242769084876,0.5197239088612617,0.5344076377931026,0.5345388053636733,0.46667889571717336,0.4629612156501896,0.48032242769084876,linear_svc,contour-dependent,4-mer
73,responsory,full,0.6308411214953271,0.5433854907539118,0.620165632736171,0.6361134950650645,0.6308411214953271,0.5340969084515776,0.5424991426383299,0.5433854907539118,linear_svc,contour-dependent,5-mer
74,responsory,full,0.8197887037789516,0.6040777619724989,0.818888282808645,0.8228225781819204,0.8197887037789516,0.5984845559399858,0.5981726527622917,0.6040777619724989,linear_svc,contour-dependent,6-mer
75,responsory,full,0.8273059731816335,0.6396396396396397,0.8220878663354628,0.8411299760589612,0.8273059731816335,0.6237671445590339,0.6654368730359468,0.6396396396396397,linear_svc,contour-dependent,7-mer
76,responsory,full,0.9845591223080049,0.6737790422000949,0.9845774081263309,0.9847467265084563,0.9845591223080049,0.6663297105184682,0.6831566391196044,0.6737790422000949,linear_svc,contour-dependent,8-mer
77,responsory,full,0.9941080861438439,0.6832622095779991,0.9941099304209566,0.994139077317511,0.9941080861438439,0.6769268694974708,0.6851730393726951,0.6832622095779991,linear_svc,contour-dependent,9-mer
78,responsory,full,0.9685087362860626,0.6861071597913703,0.9683402632431077,0.9693529317160979,0.9685087362860626,0.6765461165272058,0.6977409363280639,0.6861071597913703,linear_svc,contour-dependent,10-mer
79,responsory,full,0.9553027224705404,0.662873399715505,0.9550876816997484,0.9568519537783734,0.9553027224705404,0.6532090143664699,0.6757165957423115,0.662873399715505,linear_svc,contour-dependent,11-mer
80,responsory,full,0.9571312474603819,0.662873399715505,0.9572803192567886,0.9596878667722983,0.9571312474603819,0.6563889743704577,0.6703180523015351,0.662873399715505,linear_svc,contour-dependent,12-mer
81,responsory,full,0.8973994311255588,0.656235182550972,0.8982114301030413,0.9097964437886744,0.8973994311255588,0.650252389869609,0.6803820076940876,0.656235182550972,linear_svc,contour-dependent,13-mer
82,responsory,full,0.8585940674522552,0.604551920341394,0.8589683054447668,0.8801107238851349,0.8585940674522552,0.5969758110463753,0.6521397669213856,0.604551920341394,linear_svc,contour-dependent,14-mer
83,responsory,full,0.882364892320195,0.622569938359412,0.8861079666062536,0.9066439181248628,0.882364892320195,0.6228299836317394,0.6655030590465765,0.622569938359412,linear_svc,contour-dependent,15-mer
84,responsory,full,0.8685493701747258,0.6149834044570887,0.8715554315636536,0.8905613552489754,0.8685493701747258,0.6140889967323474,0.6781118856494551,0.6149834044570887,linear_svc,contour-dependent,16-mer
85,responsory,full,0.6046322633075986,0.361782835467046,0.5861344174797326,0.6439296277372519,0.6046322633075986,0.34421468535801664,0.3630076798851729,0.361782835467046,linear_svc,contour-dependent,poisson-3
86,responsory,full,0.7982527427874848,0.40777619724988146,0.7914957327701293,0.819042192198085,0.7982527427874848,0.3838531178696216,0.39919509579637985,0.40777619724988146,linear_svc,contour-dependent,poisson-5
87,responsory,full,0.9209670865501829,0.43385490753911804,0.9201525762036113,0.9249504561570019,0.9209670865501829,0.41208408119562934,0.4224813900487826,0.43385490753911804,linear_svc,contour-dependent,poisson-7
88,responsory,full,0.6273872409589598,0.5272641062114747,0.6218245071602386,0.6353120427110501,0.6273872409589598,0.5184821237602399,0.5247781290415814,0.5272641062114747,linear_svc,contour-independent,neumes
89,responsory,full,0.8327915481511581,0.7349454717875771,0.8297306778389797,0.8411530401100467,0.8327915481511581,0.7285155934137095,0.7475411574610891,0.7349454717875771,linear_svc,contour-independent,syllables
90,responsory,full,0.9876066639577408,0.8193456614509246,0.9876056219203877,0.9876218513635768,0.9876066639577408,0.8178540876717768,0.8216050540387374,0.8193456614509246,linear_svc,contour-independent,words
91,responsory,full,0.20926452661519707,0.20957799905168326,0.07242690269275973,0.04379164209948252,0.20926452661519707,0.07262522585718854,0.043922937686507346,0.20957799905168326,linear_svc,contour-independent,1-mer
92,responsory,full,0.24055262088581877,0.23944997629208156,0.17172813248351337,0.14812291521665757,0.24055262088581877,0.16949776849350795,0.16061712278866724,0.23944997629208156,linear_svc,contour-independent,2-mer
93,responsory,full,0.27488825680617635,0.25651967757230915,0.23849087123869517,0.25609469001127505,0.27488825680617635,0.22073937302732566,0.22237553392376203,0.25651967757230915,linear_svc,contour-independent,3-mer
94,responsory,full,0.3819585534335636,0.35135135135135137,0.35663832604382906,0.3766600329657413,0.3819585534335636,0.3298960492986225,0.3402155356483738,0.35135135135135137,linear_svc,contour-independent,4-mer
95,responsory,full,0.49227956115400245,0.4243717401612139,0.478575949842436,0.49053624428340376,0.49227956115400245,0.4126181442127391,0.4228247440937824,0.4243717401612139,linear_svc,contour-independent,5-mer
96,responsory,full,0.6202763104429094,0.5082977714556662,0.6107023143341671,0.6324330582873173,0.6202763104429094,0.49616034681309445,0.5048543940844875,0.5082977714556662,linear_svc,contour-independent,6-mer
97,responsory,full,0.693010971149939,0.5315315315315315,0.6771750760080254,0.7132103314369712,0.693010971149939,0.5127641541935851,0.5518436158023696,0.5315315315315315,linear_svc,contour-independent,7-mer
98,responsory,full,0.812880942706217,0.6040777619724989,0.8055449323953773,0.8316404061206868,0.812880942706217,0.5851261116291903,0.6185381548063281,0.6040777619724989,linear_svc,contour-independent,8-mer
99,responsory,full,0.9599756196668021,0.6524419155998104,0.9600358349968139,0.9612593079572804,0.9599756196668021,0.6424533326150179,0.6680374258769756,0.6524419155998104,linear_svc,contour-independent,9-mer
100,responsory,full,0.9997968305566842,0.6552868658131816,0.9997967811131734,0.9997970635491651,0.9997968305566842,0.6508817108068101,0.6535722345531452,0.6552868658131816,linear_svc,contour-independent,10-mer
101,responsory,full,0.9605851279967493,0.656235182550972,0.9604146065174703,0.9621710337451809,0.9605851279967493,0.6449424675142923,0.6670620150112615,0.656235182550972,linear_svc,contour-independent,11-mer
102,responsory,full,0.9538805363673304,0.6519677572309152,0.9536212061058795,0.9554148585175197,0.9538805363673304,0.6434705089290131,0.6584818433060078,0.6519677572309152,linear_svc,contour-independent,12-mer
103,responsory,full,0.926046322633076,0.6510194404931247,0.9256825763570155,0.9299279318298106,0.926046322633076,0.6414376257157082,0.6530361832309356,0.6510194404931247,linear_svc,contour-independent,13-mer
104,responsory,full,0.9270621698496546,0.6216216216216216,0.9278455181472129,0.9333890725876794,0.9270621698496546,0.6152380840628832,0.6320361690531381,0.6216216216216216,linear_svc,contour-independent,14-mer
105,responsory,full,0.8805363673303536,0.6149834044570887,0.8818230421280188,0.8999802321563661,0.8805363673303536,0.6112708349348133,0.6659190514890134,0.6149834044570887,linear_svc,contour-independent,15-mer
106,responsory,full,0.8500609508329947,0.6192508297771455,0.8512754704388418,0.8728455318634147,0.8500609508329947,0.6116990769924581,0.6768457591716345,0.6192508297771455,linear_svc,contour-independent,16-mer
107,responsory,full,0.4227956115400244,0.2802275960170697,0.39055826949317807,0.44746546266091947,0.4227956115400244,0.25063042401537017,0.2581140293303543,0.2802275960170697,linear_svc,contour-independent,poisson-3
108,responsory,full,0.699715562779358,0.36036036036036034,0.6878894595451138,0.7375219516393956,0.699715562779358,0.33402793521781776,0.33214759711533126,0.36036036036036034,linear_svc,contour-independent,poisson-5
109,responsory,full,0.870581064607883,0.39023233760075865,0.8683870329599028,0.8815772924548899,0.870581064607883,0.3683137131039596,0.368429316637043,0.39023233760075865,linear_svc,contour-independent,poisson-7
110,responsory,subset,0.9473257698541329,0.8204158790170132,0.9473202224907449,0.9478181032451297,0.9473257698541329,0.8165918000999326,0.8187671284104918,0.8204158790170132,linear_svc,pitch,neumes
111,responsory,subset,0.946515397082658,0.8412098298676749,0.9464722579116601,0.9469178548523676,0.946515397082658,0.8396356397727405,0.8432111835812139,0.8412098298676749,linear_svc,pitch,syllables
112,responsory,subset,0.9983792544570502,0.7051039697542533,0.9983800371262909,0.99839087270467,0.9983792544570502,0.6993415686661395,0.7092351225554768,0.7051039697542533,linear_svc,pitch,words
113,responsory,subset,0.8444084278768234,0.7901701323251418,0.8441388712628102,0.8445894787532702,0.8444084278768234,0.7883478779155533,0.7945015368015471,0.7901701323251418,linear_svc,pitch,1-mer
114,responsory,subset,0.9181523500810372,0.8412098298676749,0.9181688325942192,0.9185096323087069,0.9181523500810372,0.8406012662066035,0.8461086506775322,0.8412098298676749,linear_svc,pitch,2-mer
115,responsory,subset,0.9432739059967585,0.833648393194707,0.9432875985414448,0.9438859430147986,0.9432739059967585,0.8306765334813164,0.8320913695600469,0.833648393194707,linear_svc,pitch,3-mer
116,responsory,subset,0.9983792544570502,0.8052930056710775,0.9983796273102225,0.998387716338831,0.9983792544570502,0.8003478330694526,0.8053335803092527,0.8052930056710775,linear_svc,pitch,4-mer
117,responsory,subset,1.0,0.7580340264650284,1.0,1.0,1.0,0.7538595830802963,0.7578864417924169,0.7580340264650284,linear_svc,pitch,5-mer
118,responsory,subset,1.0,0.7296786389413988,1.0,1.0,1.0,0.7220193887751838,0.7339961331455153,0.7296786389413988,linear_svc,pitch,6-mer
119,responsory,subset,0.9991896272285251,0.6597353497164461,0.9991891828407929,0.9991925422384944,0.9991896272285251,0.6505300577016631,0.6623572603778601,0.6597353497164461,linear_svc,pitch,7-mer
120,responsory,subset,0.9959481361426256,0.6049149338374291,0.995950984213831,0.9960199777003804,0.9959481361426256,0.5992608162647367,0.6170999515431039,0.6049149338374291,linear_svc,pitch,8-mer
121,responsory,subset,0.9927066450567261,0.504725897920605,0.9927306065503791,0.9928569588267089,0.9927066450567261,0.49428221704259234,0.5132736223310722,0.504725897920605,linear_svc,pitch,9-mer
122,responsory,subset,0.9805510534846029,0.5425330812854442,0.9806629733873536,0.9819186129301579,0.9805510534846029,0.539447140270693,0.5949959334887526,0.5425330812854442,linear_svc,pitch,10-mer
123,responsory,subset,0.9756888168557536,0.46502835538752363,0.975699773393838,0.9777403372185728,0.9756888168557536,0.46751123626867735,0.5488066770312771,0.46502835538752363,linear_svc,pitch,11-mer
124,responsory,subset,0.965964343598055,0.4839319470699433,0.9658920789266163,0.9697282326224742,0.965964343598055,0.4728744906157164,0.5610854034189625,0.4839319470699433,linear_svc,pitch,12-mer
125,responsory,subset,0.9643435980551054,0.40831758034026466,0.9639104969982055,0.9692310799416329,0.9643435980551054,0.4064160206040484,0.5051686696917717,0.40831758034026466,linear_svc,pitch,13-mer
126,responsory,subset,0.9457050243111832,0.3988657844990548,0.9445673331055191,0.952780364672361,0.9457050243111832,0.38479770508204475,0.517500720548568,0.3988657844990548,linear_svc,pitch,14-mer
127,responsory,subset,0.9505672609400324,0.40831758034026466,0.9502633278911762,0.9565587102593452,0.9505672609400324,0.4002141448317811,0.5350466329267451,0.40831758034026466,linear_svc,pitch,15-mer
128,responsory,subset,0.9408427876823339,0.3572778827977316,0.9394154517682758,0.9520043254714713,0.9408427876823339,0.3353538256622742,0.45993224795672966,0.3572778827977316,linear_svc,pitch,16-mer
129,responsory,subset,0.9983792544570502,0.7315689981096408,0.9983667778963085,0.9983862011723502,0.9983792544570502,0.7239136738921452,0.7299112979858722,0.7315689981096408,linear_svc,pitch,poisson-3
130,responsory,subset,1.0,0.6219281663516069,1.0,1.0,1.0,0.6132710152955827,0.6218757413535663,0.6219281663516069,linear_svc,pitch,poisson-5
131,responsory,subset,0.9983792544570502,0.5463137996219282,0.9983786873673285,0.99839087270467,0.9983792544570502,0.5321813939125736,0.535617948489709,0.5463137996219282,linear_svc,pitch,poisson-7
132,responsory,subset,1.0,0.6710775047258979,1.0,1.0,1.0,0.6638731292089531,0.6696970938857257,0.6710775047258979,linear_svc,interval-dependent,neumes
133,responsory,subset,0.9943273905996759,0.6729678638941399,0.9943289415349725,0.9943767006104817,0.9943273905996759,0.6675008399327347,0.6753886759617933,0.6729678638941399,linear_svc,interval-dependent,syllables
134,responsory,subset,0.9983792544570502,0.5784499054820416,0.9983763990377391,0.9983859740340219,0.9983792544570502,0.5648490742261367,0.5681391850193853,0.5784499054820416,linear_svc,interval-dependent,words
135,responsory,subset,0.5129659643435981,0.4763705103969754,0.4872983931379024,0.48883859620345876,0.5129659643435981,0.4483521399438831,0.46225103335181084,0.4763705103969754,linear_svc,interval-dependent,1-mer
136,responsory,subset,0.7439222042139384,0.5954631379962193,0.7412353897022225,0.7474937703009865,0.7439222042139384,0.5813661986397033,0.5871004230682711,0.5954631379962193,linear_svc,interval-dependent,2-mer
137,responsory,subset,0.8760129659643436,0.6748582230623819,0.8745902721833786,0.8807280404976688,0.8760129659643436,0.6620390812412876,0.6823991006985256,0.6748582230623819,linear_svc,interval-dependent,3-mer
138,responsory,subset,1.0,0.6351606805293005,1.0,1.0,1.0,0.6190426038382998,0.6390341494805244,0.6351606805293005,linear_svc,interval-dependent,4-mer
139,responsory,subset,1.0,0.6446124763705104,1.0,1.0,1.0,0.6207098333532192,0.6469551967443825,0.6446124763705104,linear_svc,interval-dependent,5-mer
140,responsory,subset,1.0,0.6049149338374291,1.0,1.0,1.0,0.5877311878067925,0.6008078441445469,0.6049149338374291,linear_svc,interval-dependent,6-mer
141,responsory,subset,0.9983792544570502,0.5671077504725898,0.9983794107512018,0.99839087270467,0.9983792544570502,0.5445802019382399,0.5669412435020457,0.5671077504725898,linear_svc,interval-dependent,7-mer
142,responsory,subset,0.9975688816855753,0.555765595463138,0.9975707480000541,0.9975949293818014,0.9975688816855753,0.5370242711423474,0.548274565467283,0.555765595463138,linear_svc,interval-dependent,8-mer
143,responsory,subset,0.9959481361426256,0.4706994328922495,0.9959490126895861,0.995994278364489,0.9959481361426256,0.45264627935894586,0.48647565145063426,0.4706994328922495,linear_svc,interval-dependent,9-mer
144,responsory,subset,0.9943273905996759,0.4499054820415879,0.9943423927716213,0.9944304768886266,0.9943273905996759,0.4314481048332148,0.47103600580493404,0.4499054820415879,linear_svc,interval-dependent,10-mer
145,responsory,subset,0.9910858995137763,0.43289224952741023,0.9911273562844629,0.9914263686295697,0.9910858995137763,0.41391539631284774,0.4891892479333614,0.43289224952741023,linear_svc,interval-dependent,11-mer
146,responsory,subset,0.9918962722852512,0.42722117202268434,0.9919041081435354,0.9920942977177528,0.9918962722852512,0.40621111696309975,0.5062571749795688,0.42722117202268434,linear_svc,interval-dependent,12-mer
147,responsory,subset,0.9927066450567261,0.3818525519848771,0.992732447357157,0.9928664368708197,0.9927066450567261,0.3484665086350707,0.4535240277022701,0.3818525519848771,linear_svc,interval-dependent,13-mer
148,responsory,subset,0.9870340356564019,0.3497164461247637,0.9871038372396825,0.9876188407492189,0.9870340356564019,0.3113669834675614,0.38052287885517927,0.3497164461247637,linear_svc,interval-dependent,14-mer
149,responsory,subset,0.9943273905996759,0.3572778827977316,0.9943422172509522,0.9944672084370078,0.9943273905996759,0.33037704667886575,0.45671693389065426,0.3572778827977316,linear_svc,interval-dependent,15-mer
150,responsory,subset,0.9910858995137763,0.332703213610586,0.9911238420772023,0.9913682593644644,0.9910858995137763,0.2992922962680501,0.43739896944055734,0.332703213610586,linear_svc,interval-dependent,16-mer
151,responsory,subset,0.9983792544570502,0.5217391304347826,0.9983754163605906,0.99839087270467,0.9983792544570502,0.4937324060743992,0.5053068536639284,0.5217391304347826,linear_svc,interval-dependent,poisson-3
152,responsory,subset,0.9991896272285251,0.4499054820415879,0.9991893994066483,0.9991925422384944,0.9991896272285251,0.4275889237515167,0.4631352265321787,0.4499054820415879,linear_svc,interval-dependent,poisson-5
153,responsory,subset,0.9927066450567261,0.391304347826087,0.9927247518685173,0.9929361562262697,0.9927066450567261,0.35162574343471065,0.3479331891607793,0.391304347826087,linear_svc,interval-dependent,poisson-7
154,responsory,subset,0.9562398703403565,0.6181474480151229,0.9561689329257479,0.9565091192625435,0.9562398703403565,0.6129582314252865,0.6221169002925384,0.6181474480151229,linear_svc,interval-independent,neumes
155,responsory,subset,0.9789303079416531,0.6465028355387523,0.9788859511706466,0.979148361276504,0.9789303079416531,0.6395592680058809,0.6446696522818861,0.6465028355387523,linear_svc,interval-independent,syllables
156,responsory,subset,0.9991896272285251,0.5954631379962193,0.9991895651035301,0.9991934317955273,0.9991896272285251,0.5809613075957364,0.5856061743743372,0.5954631379962193,linear_svc,interval-independent,words
157,responsory,subset,0.22447325769854132,0.1833648393194707,0.08230190917603698,0.05038824342179574,0.22447325769854132,0.056825525284308814,0.033622664298655305,0.1833648393194707,linear_svc,interval-independent,1-mer
158,responsory,subset,0.39546191247974066,0.332703213610586,0.3375287638352383,0.36821567352418566,0.39546191247974066,0.2789630361208164,0.27458759044013764,0.332703213610586,linear_svc,interval-independent,2-mer
159,responsory,subset,0.7260940032414911,0.5671077504725898,0.7245072988512868,0.7293063564415769,0.7260940032414911,0.5565012519555452,0.5593637488069643,0.5671077504725898,linear_svc,interval-independent,3-mer
160,responsory,subset,0.906807131280389,0.6049149338374291,0.9069432365392858,0.9096437891841543,0.906807131280389,0.5872257811579015,0.597454239857507,0.6049149338374291,linear_svc,interval-independent,4-mer
161,responsory,subset,1.0,0.6408317580340265,1.0,1.0,1.0,0.6270212936220011,0.6351658165939116,0.6408317580340265,linear_svc,interval-independent,5-mer
162,responsory,subset,1.0,0.6181474480151229,1.0,1.0,1.0,0.6044336462838565,0.6182855979393226,0.6181474480151229,linear_svc,interval-independent,6-mer
163,responsory,subset,1.0,0.5595463137996219,1.0,1.0,1.0,0.5268587006332179,0.5451889817352051,0.5595463137996219,linear_svc,interval-independent,7-mer
164,responsory,subset,0.9991896272285251,0.5179584120982986,0.9991878089520364,0.9991925422384944,0.9991896272285251,0.5012580924499402,0.5048148224086652,0.5179584120982986,linear_svc,interval-independent,8-mer
165,responsory,subset,0.9959481361426256,0.5066162570888468,0.9959465139356434,0.9959893309934585,0.9959481361426256,0.48690967584985695,0.4952344757699027,0.5066162570888468,linear_svc,interval-independent,9-mer
166,responsory,subset,0.9959481361426256,0.5085066162570888,0.9959510076745718,0.9959904377352404,0.9959481361426256,0.48692239026324163,0.5322859721725506,0.5085066162570888,linear_svc,interval-independent,10-mer
167,responsory,subset,0.9918962722852512,0.45368620037807184,0.991931761564028,0.9921786321359393,0.9918962722852512,0.43009811679637006,0.49510264070637905,0.45368620037807184,linear_svc,interval-independent,11-mer
168,responsory,subset,0.9943273905996759,0.4215500945179584,0.9943385180648195,0.9944672084370078,0.9943273905996759,0.40045561491995574,0.4735056833934909,0.4215500945179584,linear_svc,interval-independent,12-mer
169,responsory,subset,0.9927066450567261,0.3705103969754253,0.992711438752579,0.9927905489337276,0.9927066450567261,0.3454126143085863,0.3932117803369666,0.3705103969754253,linear_svc,interval-independent,13-mer
170,responsory,subset,0.9910858995137763,0.3742911153119093,0.9911162143450986,0.991364187139482,0.9910858995137763,0.3531350927584084,0.45526831425342074,0.3742911153119093,linear_svc,interval-independent,14-mer
171,responsory,subset,0.9927066450567261,0.34593572778827975,0.9927283696582498,0.9928804379201035,0.9927066450567261,0.3332624506187487,0.44483232085969593,0.34593572778827975,linear_svc,interval-independent,15-mer
172,responsory,subset,0.9886547811993517,0.332703213610586,0.9886818874915374,0.9889341283602788,0.9886547811993517,0.2975974701440644,0.4457375627212603,0.332703213610586,linear_svc,interval-independent,16-mer
173,responsory,subset,0.9983792544570502,0.4555765595463138,0.9983790266351734,0.9983821694670195,0.9983792544570502,0.4344957807934953,0.44629756669322623,0.4555765595463138,linear_svc,interval-independent,poisson-3
174,responsory,subset,0.9991896272285251,0.43100189035916825,0.9991893994066483,0.9991925422384944,0.9991896272285251,0.41246860638186456,0.4135480857895643,0.43100189035916825,linear_svc,interval-independent,poisson-5
175,responsory,subset,0.9967585089141004,0.4102079395085066,0.9967549070142291,0.9967883611773287,0.9967585089141004,0.3745429896640427,0.3719262754885394,0.4102079395085066,linear_svc,interval-independent,poisson-7
176,responsory,subset,0.626418152350081,0.5160680529300568,0.6058183774000968,0.6664387044951259,0.626418152350081,0.4832114375383508,0.5098627680692464,0.5160680529300568,linear_svc,contour-dependent,neumes
177,responsory,subset,0.8987034035656402,0.5500945179584121,0.8993280854659276,0.9071366181203397,0.8987034035656402,0.5339056423490551,0.5546421381153704,0.5500945179584121,linear_svc,contour-dependent,syllables
178,responsory,subset,1.0,0.4952741020793951,1.0,1.0,1.0,0.48538196837177194,0.4981113701269359,0.4952741020793951,linear_svc,contour-dependent,words
179,responsory,subset,0.2406807131280389,0.21172022684310018,0.1619892219027141,0.12890060982211943,0.2406807131280389,0.14275182995637284,0.11604813554538101,0.21172022684310018,linear_svc,contour-dependent,1-mer
180,responsory,subset,0.2771474878444084,0.2722117202268431,0.2291636670232985,0.23180072610020325,0.2771474878444084,0.23352651320768322,0.3234773739438636,0.2722117202268431,linear_svc,contour-dependent,2-mer
181,responsory,subset,0.3873581847649919,0.3667296786389414,0.3576947775797223,0.3821097651766801,0.3873581847649919,0.3369273983573937,0.3631400514025981,0.3667296786389414,linear_svc,contour-dependent,3-mer
182,responsory,subset,0.5259319286871961,0.3705103969754253,0.5089483793246352,0.5564406190954269,0.5259319286871961,0.3476454158524836,0.369242532481839,0.3705103969754253,linear_svc,contour-dependent,4-mer
183,responsory,subset,0.6523500810372771,0.389413988657845,0.6373559191265709,0.6914813293106701,0.6523500810372771,0.35987441412801174,0.4201661438013307,0.389413988657845,linear_svc,contour-dependent,5-mer
184,responsory,subset,0.7382495948136143,0.444234404536862,0.7280507348194576,0.7932931141115264,0.7382495948136143,0.410241432244437,0.4796433673531348,0.444234404536862,linear_svc,contour-dependent,6-mer
185,responsory,subset,0.9716369529983793,0.40264650283553877,0.9718568682283049,0.9733547450901353,0.9716369529983793,0.3624048764385068,0.3609577344162477,0.40264650283553877,linear_svc,contour-dependent,7-mer
186,responsory,subset,0.9983792544570502,0.43667296786389415,0.9983706800191581,0.9983859740340219,0.9983792544570502,0.3974058839766446,0.4177776602387419,0.43667296786389415,linear_svc,contour-dependent,8-mer
187,responsory,subset,1.0,0.444234404536862,1.0,1.0,1.0,0.41785454285065654,0.4534972596344352,0.444234404536862,linear_svc,contour-dependent,9-mer
188,responsory,subset,0.9991896272285251,0.4045368620037807,0.9991885564657038,0.9991925422384944,0.9991896272285251,0.3926989015880837,0.40213899079673376,0.4045368620037807,linear_svc,contour-dependent,10-mer
189,responsory,subset,0.9967585089141004,0.4064272211720227,0.9967645127213004,0.9968046511359638,0.9967585089141004,0.37659943328006634,0.40162442987611213,0.4064272211720227,linear_svc,contour-dependent,11-mer
190,responsory,subset,0.9967585089141004,0.3931947069943289,0.9967586620771876,0.9968046511359638,0.9967585089141004,0.3676085542094091,0.37665649406132645,0.3931947069943289,linear_svc,contour-dependent,12-mer
191,responsory,subset,0.9959481361426256,0.3572778827977316,0.9959430751351087,0.9959702208288337,0.9959481361426256,0.3261567766127208,0.3725073427041376,0.3572778827977316,linear_svc,contour-dependent,13-mer
192,responsory,subset,0.993517017828201,0.33081285444234404,0.9935450237602007,0.9936989962751286,0.993517017828201,0.30443028275610484,0.34764500329468395,0.33081285444234404,linear_svc,contour-dependent,14-mer
193,responsory,subset,0.9878444084278768,0.3440453686200378,0.9878792190500234,0.9881810369144215,0.9878444084278768,0.3082889670347254,0.3711597925562552,0.3440453686200378,linear_svc,contour-dependent,15-mer
194,responsory,subset,0.9951377633711507,0.33459357277882795,0.9951527655430962,0.9952408496601015,0.9951377633711507,0.3036815325885006,0.4038262859940857,0.33459357277882795,linear_svc,contour-dependent,16-mer
195,responsory,subset,0.5623987034035657,0.2608695652173913,0.5246920556117971,0.7071222022295568,0.5623987034035657,0.20432232082229346,0.2780418575987816,0.2608695652173913,linear_svc,contour-dependent,poisson-3
196,responsory,subset,0.9764991896272285,0.28166351606805295,0.9766486169255583,0.9778805439621354,0.9764991896272285,0.25124112173503194,0.2991514387733669,0.28166351606805295,linear_svc,contour-dependent,poisson-5
197,responsory,subset,0.8517017828200972,0.27977315689981097,0.8469018666725335,0.8948432081047661,0.8517017828200972,0.21570829154684248,0.30426377824758466,0.27977315689981097,linear_svc,contour-dependent,poisson-7
198,responsory,subset,0.5810372771474879,0.43100189035916825,0.5665510772029961,0.6109222659176741,0.5810372771474879,0.40789652891060707,0.424226298775226,0.43100189035916825,linear_svc,contour-independent,neumes
199,responsory,subset,0.9165316045380876,0.55765595463138,0.916886590989977,0.919516030640025,0.9165316045380876,0.5473296296421583,0.5625789313737428,0.55765595463138,linear_svc,contour-independent,syllables
200,responsory,subset,1.0,0.4725897920604915,1.0,1.0,1.0,0.46604325571113003,0.47334462632276775,0.4725897920604915,linear_svc,contour-independent,words
201,responsory,subset,0.22447325769854132,0.1833648393194707,0.08230190917603698,0.05038824342179574,0.22447325769854132,0.056825525284308814,0.033622664298655305,0.1833648393194707,linear_svc,contour-independent,1-mer
202,responsory,subset,0.23987034035656402,0.19659735349716445,0.15052170208263219,0.1504443811828882,0.23987034035656402,0.10860972588141249,0.09209318067614562,0.19659735349716445,linear_svc,contour-independent,2-mer
203,responsory,subset,0.26904376012965964,0.22495274102079396,0.2059643991947165,0.24456132309814924,0.26904376012965964,0.17554248030756905,0.25911142789261105,0.22495274102079396,linear_svc,contour-independent,3-mer
204,responsory,subset,0.3541329011345219,0.32514177693761814,0.3192439921931223,0.3628635584696015,0.3541329011345219,0.2913051742168375,0.3205494967660151,0.32514177693761814,linear_svc,contour-independent,4-mer
205,responsory,subset,0.5145867098865479,0.32514177693761814,0.5010261479843885,0.5272785660882703,0.5145867098865479,0.3018223676607183,0.29466267410868974,0.32514177693761814,linear_svc,contour-independent,5-mer
206,responsory,subset,0.5753646677471637,0.3818525519848771,0.5529008427650347,0.6391699758022008,0.5753646677471637,0.34587908226760566,0.3769481475865981,0.3818525519848771,linear_svc,contour-independent,6-mer
207,responsory,subset,0.8427876823338736,0.34026465028355385,0.8427587019660036,0.858414947678741,0.8427876823338736,0.30633600488194856,0.3062321013366285,0.34026465028355385,linear_svc,contour-independent,7-mer
208,responsory,subset,0.9238249594813615,0.4120982986767486,0.9239259983928915,0.9303501467586638,0.9238249594813615,0.3731599062714786,0.4088585816033553,0.4120982986767486,linear_svc,contour-independent,8-mer
209,responsory,subset,0.9975688816855753,0.40264650283553877,0.9975683671482816,0.9975845316385258,0.9975688816855753,0.36508934847860214,0.3722704120913204,0.40264650283553877,linear_svc,contour-independent,9-mer
210,responsory,subset,1.0,0.3780718336483932,1.0,1.0,1.0,0.34383701719852394,0.3398007848691714,0.3780718336483932,linear_svc,contour-independent,10-mer
211,responsory,subset,0.9991896272285251,0.41776937618147447,0.9991891828407929,0.9991925422384944,0.9991896272285251,0.37863108994605266,0.42583467442524486,0.41776937618147447,linear_svc,contour-independent,11-mer
212,responsory,subset,0.9991896272285251,0.3761814744801512,0.9991891828407929,0.9991925422384944,0.9991896272285251,0.3552691935619809,0.3529581063296192,0.3761814744801512,linear_svc,contour-independent,12-mer
213,responsory,subset,0.9975688816855753,0.3686200378071834,0.9975672353242209,0.9975949293818014,0.9975688816855753,0.3496126122806987,0.3733589372307075,0.3686200378071834,linear_svc,contour-independent,13-mer
214,responsory,subset,0.9918962722852512,0.3497164461247637,0.9918986283238117,0.9920279456726184,0.9918962722852512,0.3197925014384573,0.3539114924207498,0.3497164461247637,linear_svc,contour-independent,14-mer
215,responsory,subset,0.9918962722852512,0.3534971644612476,0.9919289514440002,0.9921257834547949,0.9918962722852512,0.33307124271446037,0.3944034687384021,0.3534971644612476,linear_svc,contour-independent,15-mer
216,responsory,subset,0.9951377633711507,0.3667296786389414,0.9951351274914771,0.9952096049289055,0.9951377633711507,0.33398730872703575,0.44892585923625045,0.3667296786389414,linear_svc,contour-independent,16-mer
217,responsory,subset,0.3905996758508914,0.21928166351606806,0.3179347111870373,0.528940126601816,0.3905996758508914,0.14306739594167314,0.20136190495358738,0.21928166351606806,linear_svc,contour-independent,poisson-3
218,responsory,subset,0.7431118314424635,0.24574669187145556,0.7359751066703538,0.8251278179761159,0.7431118314424635,0.18709347380874042,0.239904659819565,0.24574669187145556,linear_svc,contour-independent,poisson-5
219,responsory,subset,0.9173419773095624,0.2608695652173913,0.9177082616803615,0.932006442274506,0.9173419773095624,0.2116179914112121,0.2683400545461399,0.2608695652173913,linear_svc,contour-independent,poisson-7
220,antiphon,full,0.9414794972182156,0.9196922337100264,0.9411386381287806,0.9416485664406433,0.9414794972182156,0.9190828323889132,0.9197881782329231,0.9196922337100264,linear_svc,pitch,neumes
221,antiphon,full,0.9468370080362662,0.923298869920654,0.9465542776410667,0.9470614439320759,0.9468370080362662,0.9226473745022691,0.9232873772708243,0.923298869920654,linear_svc,pitch,syllables
222,antiphon,full,0.9858850195755203,0.946862226496754,0.9858257419702336,0.9859929955570625,0.9858850195755203,0.9463292669975414,0.9470339130507336,0.946862226496754,linear_svc,pitch,words
223,antiphon,full,0.8947043066144653,0.8884347198845877,0.8940288880028009,0.894751818446838,0.8947043066144653,0.887483165160742,0.88833854373731,0.8884347198845877,linear_svc,pitch,1-mer
224,antiphon,full,0.9442612816814342,0.9228179850925703,0.9441703901386388,0.9443294177525334,0.9442612816814342,0.9223384196611517,0.9229908558628445,0.9228179850925703,linear_svc,pitch,2-mer
225,antiphon,full,0.964248918194931,0.9382062995912479,0.9640877346719712,0.9643016431205893,0.964248918194931,0.9377177031664509,0.9386498220854534,0.9382062995912479,linear_svc,pitch,3-mer
226,antiphon,full,0.9922728209355038,0.9473431113248377,0.9922541319134863,0.9922918288222419,0.9922728209355038,0.9471363678645075,0.9473169867918132,0.9473431113248377,linear_svc,pitch,4-mer
227,antiphon,full,0.9945394601277561,0.9408511661457081,0.9945333306907281,0.99455560652282,0.9945394601277561,0.9404233688199274,0.940996718563782,0.9408511661457081,linear_svc,pitch,5-mer
228,antiphon,full,0.9939212858025963,0.9285886030295745,0.9939186161525017,0.9939379059936307,0.9939212858025963,0.9279786818617857,0.9291111361443993,0.9285886030295745,linear_svc,pitch,6-mer
229,antiphon,full,0.9802184215948898,0.9045443616253908,0.9801653869080579,0.9806411330689108,0.9802184215948898,0.9033856723569339,0.9054683999436117,0.9045443616253908,linear_svc,pitch,7-mer
230,antiphon,full,0.9530187512878632,0.8802596778071652,0.9528760346814559,0.9551371701883621,0.9530187512878632,0.8789606573842405,0.8871196593150391,0.8802596778071652,linear_svc,pitch,8-mer
231,antiphon,full,0.9354007830208119,0.8389035825919692,0.9354580459297464,0.940668235971272,0.9354007830208119,0.8377712042674796,0.8558750219440987,0.8389035825919692,linear_svc,pitch,9-mer
232,antiphon,full,0.9132495363692561,0.8107718201490743,0.9137807802516728,0.9243599515979531,0.9132495363692561,0.8098217944863212,0.8395588584485087,0.8107718201490743,linear_svc,pitch,10-mer
233,antiphon,full,0.8861528951164228,0.7643664342389997,0.8869697353795218,0.9053182907628688,0.8861528951164228,0.7655538248829944,0.8191977804163214,0.7643664342389997,linear_svc,pitch,11-mer
234,antiphon,full,0.8651349680609932,0.7340706900697282,0.866849811620194,0.892983431858313,0.8651349680609932,0.7349013105007707,0.8110034385770826,0.7340706900697282,linear_svc,pitch,12-mer
235,antiphon,full,0.8441170410055636,0.6869439769175283,0.8465657732311007,0.880894541768282,0.8441170410055636,0.6894751797080865,0.7906389479136746,0.6869439769175283,linear_svc,pitch,13-mer
236,antiphon,full,0.8158870801566042,0.6585717720605915,0.8172936385677689,0.8640082603454549,0.8158870801566042,0.6599847125895378,0.7856962969277571,0.6585717720605915,linear_svc,pitch,14-mer
237,antiphon,full,0.805996290954049,0.6345275306564078,0.8098308687471373,0.8630611937803411,0.805996290954049,0.6348815672765756,0.777106512543384,0.6345275306564078,linear_svc,pitch,15-mer
238,antiphon,full,0.7955903564805276,0.6025486895888434,0.8009288893676743,0.860047097659714,0.7955903564805276,0.6014025924313682,0.7560012362673669,0.6025486895888434,linear_svc,pitch,16-mer
239,antiphon,full,0.9904182979600247,0.8829045443616254,0.9904117850536883,0.990426237283448,0.9904182979600247,0.8816382129593636,0.882740529061613,0.8829045443616254,linear_svc,pitch,poisson-3
240,antiphon,full,0.9772305790232846,0.8528492426063957,0.9771705519387647,0.9773128633712256,0.9772305790232846,0.8505470845628486,0.8533559849708251,0.8528492426063957,linear_svc,pitch,poisson-5
241,antiphon,full,0.9388007418091902,0.7968261601346478,0.9383420490334429,0.9405919913778185,0.9388007418091902,0.7913110802164571,0.7982131772315166,0.7968261601346478,linear_svc,pitch,poisson-7
242,antiphon,full,0.864310735627447,0.7985092570329406,0.8637718495476429,0.8660644057930221,0.864310735627447,0.795097603227171,0.7997095695689292,0.7985092570329406,linear_svc,interval-dependent,neumes
243,antiphon,full,0.8855347207912632,0.8131762442894926,0.8851713186392967,0.886939329320977,0.8855347207912632,0.8099857728236278,0.8132325443444937,0.8131762442894926,linear_svc,interval-dependent,syllables
244,antiphon,full,0.9964970121574284,0.9228179850925703,0.9964965422451538,0.9965044399069781,0.9964970121574284,0.9222743790661646,0.9231666030903865,0.9228179850925703,linear_svc,interval-dependent,words
245,antiphon,full,0.5859262311971976,0.5787448905987016,0.5470295665871787,0.5957730858636188,0.5859262311971976,0.5413877405833251,0.5944182504139881,0.5787448905987016,linear_svc,interval-dependent,1-mer
246,antiphon,full,0.8185658355656296,0.787689348401058,0.8169803994097016,0.8195257233637717,0.8185658355656296,0.7846433797164392,0.788025298700018,0.787689348401058,linear_svc,interval-dependent,2-mer
247,antiphon,full,0.9199464248918195,0.8737677326280355,0.9196047859786365,0.9204678074488569,0.9199464248918195,0.872639960902482,0.8750572379447736,0.8737677326280355,linear_svc,interval-dependent,3-mer
248,antiphon,full,0.9757881722645786,0.9026208223130561,0.9757279583209157,0.9759425091564973,0.9757881722645786,0.9016682882285454,0.9032774332022838,0.9026208223130561,linear_svc,interval-dependent,4-mer
249,antiphon,full,0.9914485885019576,0.9117576340466458,0.9914365855236046,0.9914767687978018,0.9914485885019576,0.9108110901333265,0.9126732486150727,0.9117576340466458,linear_svc,interval-dependent,5-mer
250,antiphon,full,0.9907273851226046,0.9006972830007214,0.990716140402785,0.9907453466879261,0.9907273851226046,0.899179686075622,0.9016890359616683,0.9006972830007214,linear_svc,interval-dependent,6-mer
251,antiphon,full,0.987224397280033,0.8737677326280355,0.9872180290086621,0.9873428085203508,0.987224397280033,0.8720386469656427,0.873479536014566,0.8737677326280355,linear_svc,interval-dependent,7-mer
252,antiphon,full,0.9495157634452915,0.8533301274344794,0.9492519672535518,0.9516024584305052,0.9495157634452915,0.8507976759484753,0.8586406369615758,0.8533301274344794,linear_svc,interval-dependent,8-mer
253,antiphon,full,0.9252009066556769,0.8232748256792498,0.9252192399967104,0.9308276715504333,0.9252009066556769,0.8216794403374852,0.840413561151321,0.8232748256792498,linear_svc,interval-dependent,9-mer
254,antiphon,full,0.9021223985163817,0.7790334214955518,0.9027382310624275,0.9135019456128793,0.9021223985163817,0.7781918129749643,0.8088564449607866,0.7790334214955518,linear_svc,interval-dependent,10-mer
255,antiphon,full,0.872347001854523,0.7415244049050252,0.873964752990733,0.8958729030137705,0.872347001854523,0.7419829466441227,0.8024420291828269,0.7415244049050252,linear_svc,interval-dependent,11-mer
256,antiphon,full,0.8494745518236143,0.7081029093532099,0.8518850639971299,0.8822174672140147,0.8494745518236143,0.709494496193541,0.7941458304620069,0.7081029093532099,linear_svc,interval-dependent,12-mer
257,antiphon,full,0.8353595713991345,0.6689107958643905,0.8385306752967716,0.8740528571239552,0.8353595713991345,0.6707900497684809,0.7704387709150661,0.6689107958643905,linear_svc,interval-dependent,13-mer
258,antiphon,full,0.8127962085308057,0.6321231065159895,0.8170832347126917,0.86428931813252,0.8127962085308057,0.6330451272224781,0.7606382354570637,0.6321231065159895,linear_svc,interval-dependent,14-mer
259,antiphon,full,0.7907479909334433,0.6015869199326761,0.795298875334007,0.8521401375729081,0.7907479909334433,0.6018511198797138,0.755569289925449,0.6015869199326761,linear_svc,interval-dependent,15-mer
260,antiphon,full,0.7815784051102411,0.5799471026689108,0.7868937803163073,0.8491733388446407,0.7815784051102411,0.5759418773546425,0.7420424155547624,0.5799471026689108,linear_svc,interval-dependent,16-mer
261,antiphon,full,0.9699155161755615,0.7917768694397692,0.9698737558221306,0.9701638714523024,0.9699155161755615,0.7877526000486632,0.7928091277526719,0.7917768694397692,linear_svc,interval-dependent,poisson-3
262,antiphon,full,0.9578611168349475,0.7631642221687905,0.9576432217952144,0.9584285844084838,0.9578611168349475,0.7565902819552784,0.7663004848330157,0.7631642221687905,linear_svc,interval-dependent,poisson-5
263,antiphon,full,0.9103647228518442,0.7311853811012262,0.9092817896150052,0.9131116773405366,0.9103647228518442,0.7235632793666136,0.7379292566637726,0.7311853811012262,linear_svc,interval-dependent,poisson-7
264,antiphon,full,0.5879868122810633,0.5195960567444097,0.5662555337836405,0.6165276562973875,0.5879868122810633,0.48578777440570386,0.5147815069714242,0.5195960567444097,linear_svc,interval-independent,neumes
265,antiphon,full,0.6401195137028642,0.551574897811974,0.6268139298502674,0.6664083819435311,0.6401195137028642,0.525251158584293,0.5443672374268326,0.551574897811974,linear_svc,interval-independent,syllables
266,antiphon,full,0.9482794147949721,0.8946862226496755,0.9477959562485505,0.9500939290675045,0.9482794147949721,0.8931273313247914,0.9002734064622647,0.8946862226496755,linear_svc,interval-independent,words
267,antiphon,full,0.28642077065732535,0.277230103390238,0.12754280673191806,0.08203685786393618,0.28642077065732535,0.12034876099734354,0.07685653022576207,0.277230103390238,linear_svc,interval-independent,1-mer
268,antiphon,full,0.45796414588914075,0.458764125991825,0.3813377591998856,0.505518325868552,0.45796414588914075,0.3829847426429125,0.4522990308824129,0.458764125991825,linear_svc,interval-independent,2-mer
269,antiphon,full,0.7326396043684319,0.7076220245251262,0.7279832989290286,0.7369105553213964,0.7326396043684319,0.7000162444270606,0.7127530407590824,0.7076220245251262,linear_svc,interval-independent,3-mer
270,antiphon,full,0.9010921079744488,0.8386631401779274,0.9005627697520958,0.90206726033254,0.9010921079744488,0.8363374526289611,0.839427954917481,0.8386631401779274,linear_svc,interval-independent,4-mer
271,antiphon,full,0.9797032763239234,0.8817023322914163,0.9796912415049311,0.9797584193295794,0.9797032763239234,0.8802143577793986,0.8817125330033412,0.8817023322914163,linear_svc,interval-independent,5-mer
272,antiphon,full,0.9927879662064703,0.904063476797307,0.9927828968635993,0.9928039956117839,0.9927879662064703,0.9030287239829379,0.9050504438690216,0.904063476797307,linear_svc,interval-independent,6-mer
273,antiphon,full,0.9914485885019576,0.8886751622986295,0.9914397587063287,0.9914767588878253,0.9914485885019576,0.8869289735234681,0.8893476118588091,0.8886751622986295,linear_svc,interval-independent,7-mer
274,antiphon,full,0.9717700391510405,0.8562154364029815,0.9716615143605526,0.9721845686316286,0.9717700391510405,0.8537291933120487,0.857745782058345,0.8562154364029815,linear_svc,interval-independent,8-mer
275,antiphon,full,0.9514733154749639,0.8302476556864631,0.9515329481437211,0.9543510555300673,0.9514733154749639,0.82812765231526,0.8380726257095988,0.8302476556864631,linear_svc,interval-independent,9-mer
276,antiphon,full,0.9010921079744488,0.7900937725414763,0.9011871487850432,0.9117624027047156,0.9010921079744488,0.7885411611964386,0.8220010176792175,0.7900937725414763,linear_svc,interval-independent,10-mer
277,antiphon,full,0.8859468370080362,0.7540274104352007,0.8877451529200769,0.9062308095685384,0.8859468370080362,0.7550023258427899,0.8078518919238918,0.7540274104352007,linear_svc,interval-independent,11-mer
278,antiphon,full,0.8616319802184216,0.7167588362587161,0.8640092256719848,0.8907975353391173,0.8616319802184216,0.7189329409196268,0.7974714197900982,0.7167588362587161,linear_svc,interval-independent,12-mer
279,antiphon,full,0.8353595713991345,0.67540274104352,0.8385535781650798,0.8760963255427539,0.8353595713991345,0.6792959408647773,0.7823287099841749,0.67540274104352,linear_svc,interval-independent,13-mer
280,antiphon,full,0.8143416443437049,0.6410194758355374,0.818189050694727,0.8636126391476657,0.8143416443437049,0.6438533626247553,0.7706652273935304,0.6410194758355374,linear_svc,interval-independent,14-mer
281,antiphon,full,0.7893055841747373,0.6008655926905506,0.7920912279733799,0.8423445586569657,0.7893055841747373,0.5990366362618984,0.7416985691730025,0.6008655926905506,linear_svc,interval-independent,15-mer
282,antiphon,full,0.7816814341644344,0.5799471026689108,0.7872831883504282,0.8513367404915019,0.7816814341644344,0.5781298765998168,0.7351497205238695,0.5799471026689108,linear_svc,interval-independent,16-mer
283,antiphon,full,0.8954255099938182,0.688867516229863,0.8947146332961963,0.8980701663810762,0.8954255099938182,0.6797704569263932,0.6866065007226059,0.688867516229863,linear_svc,interval-independent,poisson-3
284,antiphon,full,0.9599216979188131,0.7222890117816783,0.9597982006072718,0.9602710215828054,0.9599216979188131,0.7159144594770801,0.7220995384971306,0.7222890117816783,linear_svc,interval-independent,poisson-5
285,antiphon,full,0.8492684937152277,0.6958403462370762,0.844965374260544,0.8592535897915007,0.8492684937152277,0.682024772598094,0.7149041387983261,0.6958403462370762,linear_svc,interval-independent,poisson-7
286,antiphon,full,0.46342468576138474,0.43135369079105557,0.41944345439306574,0.4990987566535544,0.46342468576138474,0.3848085844307614,0.4370499419416433,0.43135369079105557,linear_svc,contour-dependent,neumes
287,antiphon,full,0.5230785081392952,0.46910314979562395,0.4994044098060506,0.560526076000819,0.5230785081392952,0.4357752598485614,0.47203718813704987,0.46910314979562395,linear_svc,contour-dependent,syllables
288,antiphon,full,0.9423037296517618,0.8550132243327723,0.942105979879997,0.9432233072215834,0.9423037296517618,0.8538264950301973,0.8572754441297393,0.8550132243327723,linear_svc,contour-dependent,words
289,antiphon,full,0.3302081186894704,0.33301274344794424,0.23512811375826131,0.2744844686829537,0.3302081186894704,0.2346111163029204,0.2782340121819729,0.33301274344794424,linear_svc,contour-dependent,1-mer
290,antiphon,full,0.3686379559035648,0.3695599903823034,0.29109968176853673,0.2877296022428075,0.3686379559035648,0.29023188267022904,0.2645667409658557,0.3695599903823034,linear_svc,contour-dependent,2-mer
291,antiphon,full,0.4490006181743252,0.4349603270016831,0.3893800682714541,0.4311614319251461,0.4490006181743252,0.3743592302283548,0.41868636928519676,0.4349603270016831,linear_svc,contour-dependent,3-mer
292,antiphon,full,0.5552235730475994,0.5328203895167107,0.5276525190912261,0.5480268388820524,0.5552235730475994,0.5035840024449917,0.5232376634965629,0.5328203895167107,linear_svc,contour-dependent,4-mer
293,antiphon,full,0.7026581495981867,0.6335657610002404,0.6960517241416262,0.7010886848829164,0.7026581495981867,0.6246538489499285,0.6272510230811971,0.6335657610002404,linear_svc,contour-dependent,5-mer
294,antiphon,full,0.7704512672573666,0.691752825198365,0.7641976888727026,0.7785164590884657,0.7704512672573666,0.6805112092223774,0.6952444757032318,0.691752825198365,linear_svc,contour-dependent,6-mer
295,antiphon,full,0.9222130640840717,0.7487376773262804,0.9219555813715635,0.9238229778175635,0.9222130640840717,0.7414354376685764,0.7489168983540704,0.7487376773262804,linear_svc,contour-dependent,7-mer
296,antiphon,full,0.981042654028436,0.7701370521760038,0.9810270098732458,0.9812323488832462,0.981042654028436,0.7652304620887304,0.769885256829302,0.7701370521760038,linear_svc,contour-dependent,8-mer
297,antiphon,full,0.8771893674016072,0.7311853811012262,0.8734186643772464,0.8881950380248124,0.8771893674016072,0.7183228238473023,0.7566460662114967,0.7311853811012262,linear_svc,contour-dependent,9-mer
298,antiphon,full,0.9199464248918195,0.7391199807646068,0.9191787782941155,0.923606031156839,0.9199464248918195,0.7297546532689058,0.7437367007116304,0.7391199807646068,linear_svc,contour-dependent,10-mer
299,antiphon,full,0.9172676694827941,0.7290213993748498,0.9170793078740269,0.9224025353534162,0.9172676694827941,0.7223647486959848,0.7433961046701791,0.7290213993748498,linear_svc,contour-dependent,11-mer
300,antiphon,full,0.8922316093138265,0.6960807886511181,0.8926259682997266,0.9026194213213227,0.8922316093138265,0.6882298990320826,0.725775254353028,0.6960807886511181,linear_svc,contour-dependent,12-mer
301,antiphon,full,0.8585411085926231,0.6729983169031017,0.8592335266691928,0.8781685513622521,0.8585411085926231,0.6704625579151688,0.7302503842822555,0.6729983169031017,linear_svc,contour-dependent,13-mer
302,antiphon,full,0.83113538017721,0.6525607117095455,0.8317478737129691,0.8611613296199863,0.83113538017721,0.645726739022008,0.7289498125696766,0.6525607117095455,linear_svc,contour-dependent,14-mer
303,antiphon,full,0.8044508551411498,0.6140899254628517,0.8063526712173311,0.8468412468802862,0.8044508551411498,0.6074866007696509,0.7114120863679195,0.6140899254628517,linear_svc,contour-dependent,15-mer
304,antiphon,full,0.7917782814753761,0.585477278191873,0.7942518296731123,0.8420790653514443,0.7917782814753761,0.5772900604620336,0.6890917353686907,0.585477278191873,linear_svc,contour-dependent,16-mer
305,antiphon,full,0.5781990521327014,0.42678528492426065,0.549576547719056,0.6162091788824792,0.5781990521327014,0.3745351477180532,0.3923172176281503,0.42678528492426065,linear_svc,contour-dependent,poisson-3
306,antiphon,full,0.7808572017308881,0.5155085357056984,0.7745595498547398,0.7981455999282172,0.7808572017308881,0.48268408871186114,0.5016245752600366,0.5155085357056984,linear_svc,contour-dependent,poisson-5
307,antiphon,full,0.8378322686997733,0.5549410916085598,0.834802882197816,0.8485545048728497,0.8378322686997733,0.5300481078727566,0.550912637762987,0.5549410916085598,linear_svc,contour-dependent,poisson-7
308,antiphon,full,0.3921285802596332,0.3698004327963453,0.3187886536310868,0.45806689029212455,0.3921285802596332,0.29620901390146,0.4051833770813852,0.3698004327963453,linear_svc,contour-independent,neumes
309,antiphon,full,0.450030908716258,0.40538591007453717,0.40700592494859883,0.5297057136452102,0.450030908716258,0.34762892762027847,0.4214298394308242,0.40538591007453717,linear_svc,contour-independent,syllables
310,antiphon,full,0.8958376262105914,0.8290454436162539,0.8952069392075271,0.8986861132535875,0.8958376262105914,0.8275138615064109,0.8350144890144128,0.8290454436162539,linear_svc,contour-independent,words
311,antiphon,full,0.28642077065732535,0.277230103390238,0.12754280673191806,0.08203685786393618,0.28642077065732535,0.12034876099734354,0.07685653022576207,0.277230103390238,linear_svc,contour-independent,1-mer
312,antiphon,full,0.30826293014630124,0.31161336859822075,0.214725017830415,0.18285657919024148,0.30826293014630124,0.21463962422366017,0.1713431181156907,0.31161336859822075,linear_svc,contour-independent,2-mer
313,antiphon,full,0.34422007005975686,0.33902380379899016,0.2669689017077132,0.2550501530231348,0.34422007005975686,0.2612773294600031,0.24435247902525034,0.33902380379899016,linear_svc,contour-independent,3-mer
314,antiphon,full,0.4198433958376262,0.40803077662899734,0.3507647604335464,0.42102948168957,0.4198433958376262,0.3356702032949321,0.3574365346202807,0.40803077662899734,linear_svc,contour-independent,4-mer
315,antiphon,full,0.5176179682670513,0.4945900456840587,0.48251217124932516,0.5117896926561399,0.5176179682670513,0.4569102659697447,0.47648836679509315,0.4945900456840587,linear_svc,contour-independent,5-mer
316,antiphon,full,0.6495981866886462,0.6006251502765088,0.6398466077656875,0.6491267712200519,0.6495981866886462,0.5885159108956057,0.594715210687057,0.6006251502765088,linear_svc,contour-independent,6-mer
317,antiphon,full,0.7701421800947867,0.6742005289733108,0.7655349162816243,0.774132392026633,0.7701421800947867,0.6620964951493051,0.6730825654425363,0.6742005289733108,linear_svc,contour-independent,7-mer
318,antiphon,full,0.8997527302699361,0.7191632603991344,0.8989884525432756,0.9021014690873097,0.8997527302699361,0.710910634741733,0.7184077491077377,0.7191632603991344,linear_svc,contour-independent,8-mer
319,antiphon,full,0.9120131877189367,0.7321471507573936,0.9108306745888729,0.9165413167053985,0.9120131877189367,0.720569454177561,0.7465231149636996,0.7321471507573936,linear_svc,contour-independent,9-mer
320,antiphon,full,0.9214918607047188,0.725655205578264,0.9203519790302945,0.925417787680679,0.9214918607047188,0.7146794786691592,0.7340906427819089,0.725655205578264,linear_svc,contour-independent,10-mer
321,antiphon,full,0.9225221512466516,0.7112286607357537,0.9220683492246345,0.9257768245731035,0.9225221512466516,0.7017474242504685,0.7167965224664452,0.7112286607357537,linear_svc,contour-independent,11-mer
322,antiphon,full,0.9325159695034,0.6905506131281558,0.9326868620903922,0.9363340811946671,0.9325159695034,0.6836215921296062,0.696894236601518,0.6905506131281558,linear_svc,contour-independent,12-mer
323,antiphon,full,0.8708015660416237,0.6732387593171435,0.8711173760110624,0.888006300039388,0.8708015660416237,0.6682646134579903,0.7168063810184755,0.6732387593171435,linear_svc,contour-independent,13-mer
324,antiphon,full,0.8409231403255718,0.6453474392882904,0.8413183854663481,0.8663160036072538,0.8409231403255718,0.6362522043831018,0.7070071380785694,0.6453474392882904,linear_svc,contour-independent,14-mer
325,antiphon,full,0.8092932206882341,0.6148112527049772,0.8099613084615717,0.844646894366965,0.8092932206882341,0.6067161008868328,0.692900118298683,0.6148112527049772,linear_svc,contour-independent,15-mer
326,antiphon,full,0.7938388625592417,0.5946140899254628,0.79579908191862,0.8406504367423154,0.7938388625592417,0.5870530592281477,0.6954612944553112,0.5946140899254628,linear_svc,contour-independent,16-mer
327,antiphon,full,0.4281887492272821,0.3791776869439769,0.3560818413024932,0.5018085874429646,0.4281887492272821,0.3020604895098049,0.3240197486172415,0.3791776869439769,linear_svc,contour-independent,poisson-3
328,antiphon,full,0.6514527096641253,0.4421735994229382,0.6302462237801184,0.6958521580018466,0.6514527096641253,0.39784686544444714,0.44348873004467043,0.4421735994229382,linear_svc,contour-independent,poisson-5
329,antiphon,full,0.8800741809190191,0.4989180091368117,0.8796246672308315,0.8836838435021283,0.8800741809190191,0.48089585813632635,0.4805315390428703,0.4989180091368117,linear_svc,contour-independent,poisson-7
330,antiphon,subset,0.9285468911027138,0.8798076923076923,0.9281898746513446,0.9287061033802463,0.9285468911027138,0.8790318406430333,0.8804775123160052,0.8798076923076923,linear_svc,pitch,neumes
331,antiphon,subset,0.9405702507729302,0.8733974358974359,0.9404483921002831,0.9408041953263507,0.9405702507729302,0.8727572959345912,0.8737917092984864,0.8733974358974359,linear_svc,pitch,syllables
332,antiphon,subset,0.9938165578838887,0.8838141025641025,0.9938133725900297,0.9938512713217487,0.9938165578838887,0.8829261348526598,0.8847392893862244,0.8838141025641025,linear_svc,pitch,words
333,antiphon,subset,0.8821710752318791,0.8381410256410257,0.8816356606031749,0.8822994300872832,0.8821710752318791,0.837676591172299,0.8394663943278957,0.8381410256410257,linear_svc,pitch,1-mer
334,antiphon,subset,0.9306080384747509,0.8814102564102564,0.930282531024451,0.9306912851520716,0.9306080384747509,0.8811322167294122,0.8822610473882333,0.8814102564102564,linear_svc,pitch,2-mer
335,antiphon,subset,0.9776709034695981,0.875801282051282,0.9776234809546633,0.9776744287772734,0.9776709034695981,0.8757597501472318,0.8764906458747779,0.875801282051282,linear_svc,pitch,3-mer
336,antiphon,subset,0.9951906561319135,0.8918269230769231,0.995191859892357,0.9952144279679137,0.9951906561319135,0.8912641889726624,0.8917568804239627,0.8918269230769231,linear_svc,pitch,4-mer
337,antiphon,subset,0.9972518035039505,0.8798076923076923,0.9972514439573322,0.9972621322042097,0.9972518035039505,0.8788854679015182,0.8800238874835972,0.8798076923076923,linear_svc,pitch,5-mer
338,antiphon,subset,0.9989694263139814,0.8605769230769231,0.9989694094329693,0.9989709605753148,0.9989694263139814,0.8591688767527464,0.862015770443644,0.8605769230769231,linear_svc,pitch,6-mer
339,antiphon,subset,0.9927859841978701,0.8092948717948718,0.9928036177398157,0.9929659339456482,0.9927859841978701,0.8068809975147176,0.8127096056196262,0.8092948717948718,linear_svc,pitch,7-mer
340,antiphon,subset,0.9787014771556166,0.7668269230769231,0.9788237325533189,0.9796617560488681,0.9787014771556166,0.7659676259377881,0.7865001578119811,0.7668269230769231,linear_svc,pitch,8-mer
341,antiphon,subset,0.9584335279972518,0.717948717948718,0.95875811974733,0.9610657419068673,0.9584335279972518,0.7215275713823293,0.7617304616023934,0.717948717948718,linear_svc,pitch,9-mer
342,antiphon,subset,0.9522500858811405,0.6618589743589743,0.9528084162321551,0.9578284884756909,0.9522500858811405,0.6659895504790848,0.7308904699953956,0.6618589743589743,linear_svc,pitch,10-mer
343,antiphon,subset,0.9244245963586396,0.592948717948718,0.9254741698490995,0.9354170811967013,0.9244245963586396,0.5940835478953631,0.7261709799379954,0.592948717948718,linear_svc,pitch,11-mer
344,antiphon,subset,0.9378220542768808,0.5833333333333334,0.9382131187075565,0.9476575495070811,0.9378220542768808,0.5917799300924051,0.735381043616978,0.5833333333333334,linear_svc,pitch,12-mer
345,antiphon,subset,0.9254551700446582,0.5248397435897436,0.9262089523070608,0.9385950880728353,0.9254551700446582,0.5315119129060444,0.707117873860904,0.5248397435897436,linear_svc,pitch,13-mer
346,antiphon,subset,0.9069048436963243,0.49198717948717946,0.9073563831514011,0.9238816023617163,0.9069048436963243,0.49304115278677485,0.6733075317337897,0.49198717948717946,linear_svc,pitch,14-mer
347,antiphon,subset,0.9034695980762625,0.4735576923076923,0.904154367985594,0.9233669090489675,0.9034695980762625,0.4745115391410337,0.6990600839024311,0.4735576923076923,linear_svc,pitch,15-mer
348,antiphon,subset,0.9055307454482996,0.45913461538461536,0.9059619071891433,0.9264793217872509,0.9055307454482996,0.45613993780552575,0.6727083680911573,0.45913461538461536,linear_svc,pitch,16-mer
349,antiphon,subset,0.9965647543799382,0.811698717948718,0.9965637773098143,0.9965687316357041,0.9965647543799382,0.8105815029147713,0.8115476798796559,0.811698717948718,linear_svc,pitch,poisson-3
350,antiphon,subset,0.9938165578838887,0.7516025641025641,0.9938171881323774,0.9938664065802141,0.9938165578838887,0.7453407748906671,0.7487904985611391,0.7516025641025641,linear_svc,pitch,poisson-5
351,antiphon,subset,0.983167296461697,0.6810897435897436,0.9831787805519866,0.9835166769115283,0.983167296461697,0.6752519615200805,0.682151772708549,0.6810897435897436,linear_svc,pitch,poisson-7
352,antiphon,subset,0.8862933699759533,0.7091346153846154,0.8860558002114742,0.8880910187693545,0.8862933699759533,0.7038751838743555,0.7104324534524481,0.7091346153846154,linear_svc,interval-dependent,neumes
353,antiphon,subset,0.8928203366540708,0.7227564102564102,0.8926991093792513,0.8945811286796751,0.8928203366540708,0.7177736009941077,0.7254146885172253,0.7227564102564102,linear_svc,interval-dependent,syllables
354,antiphon,subset,0.9896942631398145,0.8245192307692307,0.9896825032624629,0.9898084799416952,0.9896942631398145,0.8220197397042617,0.8294708584957362,0.8245192307692307,linear_svc,interval-dependent,words
355,antiphon,subset,0.5513569220199245,0.5344551282051282,0.5191931058022209,0.5661075064783493,0.5513569220199245,0.49877413558929373,0.529097158675867,0.5344551282051282,linear_svc,interval-dependent,1-mer
356,antiphon,subset,0.7856406733081416,0.7339743589743589,0.7836954830798667,0.7907638021401019,0.7856406733081416,0.7338274358439093,0.7396607423004201,0.7339743589743589,linear_svc,interval-dependent,2-mer
357,antiphon,subset,0.9127447612504294,0.8068910256410257,0.9126200322343933,0.9143339443309162,0.9127447612504294,0.8048619509877688,0.8073330048535292,0.8068910256410257,linear_svc,interval-dependent,3-mer
358,antiphon,subset,0.9845413947097218,0.8413461538461539,0.9845238720727195,0.9846021705031935,0.9845413947097218,0.8395225301383632,0.8439652974137334,0.8413461538461539,linear_svc,interval-dependent,4-mer
359,antiphon,subset,0.998282377189969,0.8357371794871795,0.998282028838879,0.9982878699580033,0.998282377189969,0.83387364832173,0.8387211024929221,0.8357371794871795,linear_svc,interval-dependent,5-mer
360,antiphon,subset,0.998282377189969,0.7932692307692307,0.9982818895329664,0.9982868499185799,0.998282377189969,0.790009931599214,0.7982356455503322,0.7932692307692307,linear_svc,interval-dependent,6-mer
361,antiphon,subset,0.9876331157677773,0.7700320512820513,0.9876418393951205,0.987790280279177,0.9876331157677773,0.7665207954194834,0.7769142783190842,0.7700320512820513,linear_svc,interval-dependent,7-mer
362,antiphon,subset,0.983167296461697,0.7259615384615384,0.9832578758302359,0.9838913033873389,0.983167296461697,0.7228462331785414,0.7387984215487692,0.7259615384615384,linear_svc,interval-dependent,8-mer
363,antiphon,subset,0.9632428718653384,0.6602564102564102,0.9636990514087895,0.966135688488675,0.9632428718653384,0.6637649667965483,0.7182460158737529,0.6602564102564102,linear_svc,interval-dependent,9-mer
364,antiphon,subset,0.9488148402610787,0.6217948717948718,0.9497413984850535,0.9548053690213889,0.9488148402610787,0.6233539144907204,0.7061280139056669,0.6217948717948718,linear_svc,interval-dependent,10-mer
365,antiphon,subset,0.934386808656819,0.5472756410256411,0.9358051857265014,0.9431877078448496,0.934386808656819,0.5510141089026062,0.689110084489221,0.5472756410256411,linear_svc,interval-dependent,11-mer
366,antiphon,subset,0.9124012366884232,0.5264423076923077,0.9151542379231858,0.9286849304322635,0.9124012366884232,0.5293543647447558,0.6927939024976038,0.5264423076923077,linear_svc,interval-dependent,12-mer
367,antiphon,subset,0.9240810717966335,0.4775641025641026,0.9264285835524416,0.9375813170340991,0.9240810717966335,0.47251802808979076,0.6682660248450142,0.4775641025641026,linear_svc,interval-dependent,13-mer
368,antiphon,subset,0.9182411542425284,0.4519230769230769,0.9204512520607404,0.9323969959133743,0.9182411542425284,0.44054994215592014,0.6275429068231947,0.4519230769230769,linear_svc,interval-dependent,14-mer
369,antiphon,subset,0.9113706630024047,0.44150641025641024,0.9144479855615927,0.9289680868575289,0.9113706630024047,0.43009777994753673,0.6590944711444192,0.44150641025641024,linear_svc,interval-dependent,15-mer
370,antiphon,subset,0.9003778770182068,0.4230769230769231,0.9036125559091894,0.9207750203381166,0.9003778770182068,0.4084786328430808,0.6234360487392596,0.4230769230769231,linear_svc,interval-dependent,16-mer
371,antiphon,subset,0.9962212298179319,0.6802884615384616,0.9962205495924329,0.9962239809995826,0.9962212298179319,0.6750749213047202,0.6783468867036269,0.6802884615384616,linear_svc,interval-dependent,poisson-3
372,antiphon,subset,0.9876331157677773,0.6498397435897436,0.9876271892626156,0.9877390400316879,0.9876331157677773,0.63662585340354,0.6609621783719357,0.6498397435897436,linear_svc,interval-dependent,poisson-5
373,antiphon,subset,0.9859154929577465,0.5977564102564102,0.9860042355053525,0.9864494856263517,0.9859154929577465,0.5890138715009025,0.5937125339816008,0.5977564102564102,linear_svc,interval-dependent,poisson-7
374,antiphon,subset,0.5568533150120234,0.4567307692307692,0.5362181873530991,0.604573799606234,0.5568533150120234,0.42654612886963317,0.4584183794695635,0.4567307692307692,linear_svc,interval-independent,neumes
375,antiphon,subset,0.6496049467536928,0.46794871794871795,0.6419513473650954,0.6857285412846391,0.6496049467536928,0.44219828907298026,0.4619757185933311,0.46794871794871795,linear_svc,interval-independent,syllables
376,antiphon,subset,0.9855719683957403,0.8213141025641025,0.9855536329393461,0.985685054311747,0.9855719683957403,0.819534829993729,0.8242617715121282,0.8213141025641025,linear_svc,interval-independent,words
377,antiphon,subset,0.23737547234627276,0.23637820512820512,0.09107520899015796,0.05634711487161611,0.23737547234627276,0.0903844076640577,0.05587465585963182,0.23637820512820512,linear_svc,interval-independent,1-mer
378,antiphon,subset,0.4153211954654758,0.3974358974358974,0.35629776356850806,0.45613456339230823,0.4153211954654758,0.33198723724674795,0.4058964592022231,0.3974358974358974,linear_svc,interval-independent,2-mer
379,antiphon,subset,0.6990724836825833,0.6498397435897436,0.6931838191048864,0.7084590539726117,0.6990724836825833,0.6436132964450771,0.6504050659540551,0.6498397435897436,linear_svc,interval-independent,3-mer
380,antiphon,subset,0.9495018893850911,0.749198717948718,0.949496944673913,0.9497907026163502,0.9495018893850911,0.747413701515275,0.7497126527191901,0.749198717948718,linear_svc,interval-independent,4-mer
381,antiphon,subset,0.9965647543799382,0.8108974358974359,0.9965640256888402,0.9965804310024254,0.9965647543799382,0.808766412976093,0.8105550791365477,0.8108974358974359,linear_svc,interval-independent,5-mer
382,antiphon,subset,0.9965647543799382,0.7972756410256411,0.9965643117465038,0.9965779992445292,0.9965647543799382,0.7940880208934361,0.8010729184848095,0.7972756410256411,linear_svc,interval-independent,6-mer
383,antiphon,subset,0.998282377189969,0.7700320512820513,0.998283759036512,0.9982952722561105,0.998282377189969,0.7670407126437429,0.7744286923813246,0.7700320512820513,linear_svc,interval-independent,7-mer
384,antiphon,subset,0.9914118859498454,0.7363782051282052,0.9914190750716415,0.9916001498694234,0.9914118859498454,0.7341182117845519,0.737843453735932,0.7363782051282052,linear_svc,interval-independent,8-mer
385,antiphon,subset,0.9663345929233941,0.6810897435897436,0.9665013064139766,0.9677475203537061,0.9663345929233941,0.6791748426217903,0.716929443096989,0.6810897435897436,linear_svc,interval-independent,9-mer
386,antiphon,subset,0.964273445551357,0.624198717948718,0.9646423035014546,0.9663013806937892,0.964273445551357,0.6240281479483656,0.6881950122928344,0.624198717948718,linear_svc,interval-independent,10-mer
387,antiphon,subset,0.9412572998969426,0.5657051282051282,0.9425045643627639,0.9488768561591637,0.9412572998969426,0.5664460842110796,0.689148580728324,0.5657051282051282,linear_svc,interval-independent,11-mer
388,antiphon,subset,0.9347303332188251,0.5344551282051282,0.93574840923645,0.942087836834074,0.9347303332188251,0.530524886275535,0.6669029169079246,0.5344551282051282,linear_svc,interval-independent,12-mer
389,antiphon,subset,0.9261422191686706,0.46875,0.9279193193299384,0.9373727811122972,0.9261422191686706,0.46357495561963663,0.6670476478484221,0.46875,linear_svc,interval-independent,13-mer
390,antiphon,subset,0.919271727928547,0.44711538461538464,0.92171935720048,0.9346864812179951,0.919271727928547,0.43109995130538564,0.6320110720009441,0.44711538461538464,linear_svc,interval-independent,14-mer
391,antiphon,subset,0.9185846788045345,0.4463141025641026,0.9203746196423263,0.9296415207079507,0.9185846788045345,0.43658176108594715,0.6188338119554094,0.4463141025641026,linear_svc,interval-independent,15-mer
392,antiphon,subset,0.9120577121264171,0.4166666666666667,0.913954452204298,0.9247364438775694,0.9120577121264171,0.39725978370322923,0.5725368381847381,0.4166666666666667,linear_svc,interval-independent,16-mer
393,antiphon,subset,0.9855719683957403,0.5608974358974359,0.9855665116499035,0.9856614549808376,0.9855719683957403,0.5519620174859318,0.554087353586443,0.5608974358974359,linear_svc,interval-independent,poisson-3
394,antiphon,subset,0.9979388526279629,0.5873397435897436,0.9979336398211618,0.9979462475900861,0.9979388526279629,0.5783338271264222,0.5868342051902474,0.5873397435897436,linear_svc,interval-independent,poisson-5
395,antiphon,subset,0.9714874613534867,0.5833333333333334,0.9715147249290069,0.9722344103978026,0.9714874613534867,0.5678691287289169,0.5856199564456686,0.5833333333333334,linear_svc,interval-independent,poisson-7
396,antiphon,subset,0.4613534867743044,0.36698717948717946,0.42574482653174983,0.5179947663745701,0.4613534867743044,0.323978498828584,0.35454118854489025,0.36698717948717946,linear_svc,contour-dependent,neumes
397,antiphon,subset,0.5352112676056338,0.3998397435897436,0.5197117071450633,0.571843411804719,0.5352112676056338,0.3740278791995137,0.4058754123729412,0.3998397435897436,linear_svc,contour-dependent,syllables
398,antiphon,subset,0.9838543455857094,0.7604166666666666,0.9838526450535319,0.9840106644362957,0.9838543455857094,0.7586094797188304,0.7615120042085662,0.7604166666666666,linear_svc,contour-dependent,words
399,antiphon,subset,0.29577464788732394,0.2860576923076923,0.19992380819796088,0.19012330769937427,0.29577464788732394,0.1945921577108768,0.18833448319914664,0.2860576923076923,linear_svc,contour-dependent,1-mer
400,antiphon,subset,0.3194778426657506,0.29967948717948717,0.23449839470320508,0.271333220121299,0.3194778426657506,0.21770725585303596,0.234919246401129,0.29967948717948717,linear_svc,contour-dependent,2-mer
401,antiphon,subset,0.4043284094812779,0.3733974358974359,0.357585500890625,0.40171437925096226,0.4043284094812779,0.325029199454922,0.3292439752296185,0.3733974358974359,linear_svc,contour-dependent,3-mer
402,antiphon,subset,0.520439711439368,0.45592948717948717,0.49463493347653126,0.519541297453141,0.520439711439368,0.42937743609085915,0.4437716200387591,0.45592948717948717,linear_svc,contour-dependent,4-mer
403,antiphon,subset,0.6296805221573343,0.5224358974358975,0.6112071500324989,0.653886010023656,0.6296805221573343,0.49070501850775455,0.5217510537704003,0.5224358974358975,linear_svc,contour-dependent,5-mer
404,antiphon,subset,0.851940913775335,0.5576923076923077,0.8511997554255172,0.8567096359410024,0.851940913775335,0.5473896432120916,0.5532282287369141,0.5576923076923077,linear_svc,contour-dependent,6-mer
405,antiphon,subset,0.9374785297148747,0.5913461538461539,0.937210985537341,0.9398054888210844,0.9374785297148747,0.5780057621312793,0.6062547470012927,0.5913461538461539,linear_svc,contour-dependent,7-mer
406,antiphon,subset,0.9914118859498454,0.5993589743589743,0.9914174329182766,0.9915141971875217,0.9914118859498454,0.5848764973236243,0.6090503157857953,0.5993589743589743,linear_svc,contour-dependent,8-mer
407,antiphon,subset,0.9955341806939196,0.5873397435897436,0.995535779684281,0.9955631680645411,0.9955341806939196,0.5762529934223514,0.5880790170633993,0.5873397435897436,linear_svc,contour-dependent,9-mer
408,antiphon,subset,0.9893507385778083,0.53125,0.989409795049228,0.9897003349709407,0.9893507385778083,0.5169619148569217,0.517643293608881,0.53125,linear_svc,contour-dependent,10-mer
409,antiphon,subset,0.9663345929233941,0.5336538461538461,0.96671826646134,0.9689993188143063,0.9663345929233941,0.5210009183403298,0.5566220359122507,0.5336538461538461,linear_svc,contour-dependent,11-mer
410,antiphon,subset,0.9354173823428376,0.49919871794871795,0.9361903130688125,0.9408184386476696,0.9354173823428376,0.48863349985174054,0.5637479328871506,0.49919871794871795,linear_svc,contour-dependent,12-mer
411,antiphon,subset,0.9113706630024047,0.4599358974358974,0.9128291512786487,0.9223635757097078,0.9113706630024047,0.4444963995331622,0.5205230910055142,0.4599358974358974,linear_svc,contour-dependent,13-mer
412,antiphon,subset,0.9120577121264171,0.421474358974359,0.9137252413014993,0.9230830053776429,0.9120577121264171,0.40542908805448175,0.5186872856089946,0.421474358974359,linear_svc,contour-dependent,14-mer
413,antiphon,subset,0.9141188594984542,0.422275641025641,0.9161125794153265,0.9264711175195807,0.9141188594984542,0.3984991950992541,0.5673580837820636,0.422275641025641,linear_svc,contour-dependent,15-mer
414,antiphon,subset,0.8680865681896256,0.3974358974358974,0.8705066779959305,0.8901273568882142,0.8680865681896256,0.3675031253891968,0.5325338461008314,0.3974358974358974,linear_svc,contour-dependent,16-mer
415,antiphon,subset,0.5833047062864994,0.3453525641025641,0.5565470677930792,0.6663411996073091,0.5833047062864994,0.29518792121454557,0.36114980963644117,0.3453525641025641,linear_svc,contour-dependent,poisson-3
416,antiphon,subset,0.672277567846101,0.37900641025641024,0.644036086159463,0.7656728161652143,0.672277567846101,0.31104429780533505,0.35341363910174667,0.37900641025641024,linear_svc,contour-dependent,poisson-5
417,antiphon,subset,0.9797320508416352,0.41426282051282054,0.9797478626715679,0.9800509968278546,0.9797320508416352,0.3802930227775963,0.38700972693037083,0.41426282051282054,linear_svc,contour-dependent,poisson-7
418,antiphon,subset,0.3596702164204741,0.3213141025641026,0.2958852686699332,0.46032818460883285,0.3596702164204741,0.2502767943549145,0.34241756437296245,0.3213141025641026,linear_svc,contour-independent,neumes
419,antiphon,subset,0.43181037444177256,0.32211538461538464,0.3982169987449995,0.5252678769002092,0.43181037444177256,0.2687907664515713,0.30853072012764393,0.32211538461538464,linear_svc,contour-independent,syllables
420,antiphon,subset,0.8701477155616627,0.7387820512820513,0.8696648085147209,0.8774537637579649,0.8701477155616627,0.7372073426483232,0.7599111164311129,0.7387820512820513,linear_svc,contour-independent,words
421,antiphon,subset,0.23737547234627276,0.23637820512820512,0.09107520899015796,0.05634711487161611,0.23737547234627276,0.0903844076640577,0.05587465585963182,0.23637820512820512,linear_svc,contour-independent,1-mer
422,antiphon,subset,0.28512538646513225,0.266025641025641,0.17854385388795327,0.1343735604541987,0.28512538646513225,0.16580091108736938,0.1258651216718077,0.266025641025641,linear_svc,contour-independent,2-mer
423,antiphon,subset,0.3005839917554105,0.28846153846153844,0.22121202667187317,0.24933454701976152,0.3005839917554105,0.21108921314318524,0.21455008605499598,0.28846153846153844,linear_svc,contour-independent,3-mer
424,antiphon,subset,0.3692889041566472,0.34455128205128205,0.3103908586754452,0.35933421900047613,0.3692889041566472,0.28607076232781964,0.31259176669388533,0.34455128205128205,linear_svc,contour-independent,4-mer
425,antiphon,subset,0.5032634833390588,0.41586538461538464,0.4823006889010536,0.505594049582419,0.5032634833390588,0.39202594834793286,0.3973596156194066,0.41586538461538464,linear_svc,contour-independent,5-mer
426,antiphon,subset,0.65166609412573,0.47996794871794873,0.6446722069439856,0.6626522335833527,0.65166609412573,0.46866660317010594,0.47647120484630445,0.47996794871794873,linear_svc,contour-independent,6-mer
427,antiphon,subset,0.8292682926829268,0.5424679487179487,0.827369921520716,0.8359473884722449,0.8292682926829268,0.5273874978578182,0.5371291042023438,0.5424679487179487,linear_svc,contour-independent,7-mer
428,antiphon,subset,0.9931295087598764,0.5488782051282052,0.9931322872661399,0.9931597826947604,0.9931295087598764,0.5400051223041579,0.5406221741361583,0.5488782051282052,linear_svc,contour-independent,8-mer
429,antiphon,subset,1.0,0.5296474358974359,1.0,1.0,1.0,0.5203005157171886,0.5200555108074132,0.5296474358974359,linear_svc,contour-independent,9-mer
430,antiphon,subset,0.9972518035039505,0.5272435897435898,0.9972544480386236,0.9972715828513097,0.9972518035039505,0.5150874223663241,0.5161026232569165,0.5272435897435898,linear_svc,contour-independent,10-mer
431,antiphon,subset,0.9835108210237032,0.5232371794871795,0.9835937001601908,0.9840044965746307,0.9835108210237032,0.5092327191206902,0.5265412830636924,0.5232371794871795,linear_svc,contour-independent,11-mer
432,antiphon,subset,0.9536241841291653,0.5072115384615384,0.9538704977765058,0.9559371855666241,0.9536241841291653,0.48759390038846834,0.5368091208479484,0.5072115384615384,linear_svc,contour-independent,12-mer
433,antiphon,subset,0.9051872208862933,0.45913461538461536,0.9060707793891396,0.9141008725569068,0.9051872208862933,0.4350582510463225,0.5172152434502326,0.45913461538461536,linear_svc,contour-independent,13-mer
434,antiphon,subset,0.9299209893507385,0.42467948717948717,0.9316267779244615,0.9402882239440044,0.9299209893507385,0.4057690971314063,0.5225873030240863,0.42467948717948717,linear_svc,contour-independent,14-mer
435,antiphon,subset,0.90999656475438,0.421474358974359,0.91197984331526,0.9224190410488936,0.90999656475438,0.4082537960138092,0.5247375331037293,0.421474358974359,linear_svc,contour-independent,15-mer
436,antiphon,subset,0.8921332875300584,0.4078525641025641,0.8939440171199395,0.905912260367578,0.8921332875300584,0.38185459241389746,0.527660099324726,0.4078525641025641,linear_svc,contour-independent,16-mer
437,antiphon,subset,0.3692889041566472,0.29967948717948717,0.2735157114974361,0.45723300923814536,0.3692889041566472,0.2075723035272136,0.2869538235536576,0.29967948717948717,linear_svc,contour-independent,poisson-3
438,antiphon,subset,0.7121264170388183,0.33573717948717946,0.696708994549659,0.76811720145726,0.7121264170388183,0.28678170793308944,0.345740524134857,0.33573717948717946,linear_svc,contour-independent,poisson-5
439,antiphon,subset,0.9130882858124356,0.3870192307692308,0.9133686105074034,0.9194314272225255,0.9130882858124356,0.3511931945791989,0.3701296789614239,0.3870192307692308,linear_svc,contour-independent,poisson-7
