id,initial,final,lowest,highest,ambitus,initial_gesture_1,initial_gesture_2,initial_gesture_3,freq_MIDI_53,freq_MIDI_54,freq_MIDI_55,freq_MIDI_56,freq_MIDI_57,freq_MIDI_58,freq_MIDI_59,freq_MIDI_60,freq_MIDI_61,freq_MIDI_62,freq_MIDI_63,freq_MIDI_64,freq_MIDI_65,freq_MIDI_66,freq_MIDI_67,freq_MIDI_68,freq_MIDI_69,freq_MIDI_70,freq_MIDI_71,freq_MIDI_72,freq_MIDI_73,freq_MIDI_74,freq_MIDI_75,freq_MIDI_76,freq_MIDI_77,freq_MIDI_78,freq_MIDI_79,freq_MIDI_80,freq_MIDI_81,freq_MIDI_82,freq_MIDI_83,freq_MIDI_84,freq_MIDI_85,freq_MIDI_86,freq_pitch_class_0,freq_pitch_class_1,freq_pitch_class_2,freq_pitch_class_3,freq_pitch_class_4,freq_pitch_class_5,freq_pitch_class_6,freq_pitch_class_7,freq_pitch_class_8,freq_pitch_class_9,freq_pitch_class_10,freq_pitch_class_11,repetition_score_MIDI_53,repetition_score_MIDI_54,repetition_score_MIDI_55,repetition_score_MIDI_56,repetition_score_MIDI_57,repetition_score_MIDI_58,repetition_score_MIDI_59,repetition_score_MIDI_60,repetition_score_MIDI_61,repetition_score_MIDI_62,repetition_score_MIDI_63,repetition_score_MIDI_64,repetition_score_MIDI_65,repetition_score_MIDI_66,repetition_score_MIDI_67,repetition_score_MIDI_68,repetition_score_MIDI_69,repetition_score_MIDI_70,repetition_score_MIDI_71,repetition_score_MIDI_72,repetition_score_MIDI_73,repetition_score_MIDI_74,repetition_score_MIDI_75,repetition_score_MIDI_76,repetition_score_MIDI_77,repetition_score_MIDI_78,repetition_score_MIDI_79,repetition_score_MIDI_80,repetition_score_MIDI_81,repetition_score_MIDI_82,repetition_score_MIDI_83,repetition_score_MIDI_84,repetition_score_MIDI_85,repetition_score_MIDI_86
chant_004827,60,62,60,72,12,60,62,65,0.0,0.0,0.0,0.0,0.0,0.0,0.0,0.037037037037037035,0.0,0.12345679012345678,0.0,0.14814814814814814,0.2716049382716049,0.0,0.20987654320987653,0.0,0.16049382716049382,0.024691358024691357,0.012345679012345678,0.012345679012345678,0.0,0.0,0.0,0.0,0.0,0.0,0.0,0.0,0.0,0.0,0.0,0.0,0.0,0.0,0.04938271604938271,0.0,0.12345679012345678,0.0,0.14814814814814814,0.2716049382716049,0.0,0.20987654320987653,0.0,0.16049382716049382,0.024691358024691357,0.012345679012345678,0.0,0.0,0.0,0.0,0.0,0.0,0.0,0.0,0.0,0.025,0.0,0.0,0.0125,0.0,0.0375,0.0,0.025,0.0,0.0,0.0,0.0,0.0,0.0,0.0,0.0,0.0,0.0,0.0,0.0,0.0,0.0,0.0,0.0,0.0
chant_005434,65,65,64,79,15,65,69,67,0.0,0.0,0.0,0.0,0.0,0.0,0.0,0.0,0.0,0.0,0.0,0.006622516556291391,0.09271523178807947,0.0,0.052980132450331126,0.0,0.1456953642384106,0.0,0.09271523178807947,0.3443708609271523,0.0,0.1390728476821192,0.0,0.046357615894039736,0.052980132450331126,0.0,0.026490066225165563,0.0,0.0,0.0,0.0,0.0,0.0,0.0,0.3443708609271523,0.0,0.1390728476821192,0.0,0.052980132450331126,0.1456953642384106,0.0,0.07947019867549669,0.0,0.1456953642384106,0.0,0.09271523178807947,0.0,0.0,0.0,0.0,0.0,0.0,0.0,0.0,0.0,0.0,0.0,0.0,0.02,0.0,0.0,0.0,0.013333333333333334,0.0,0.013333333333333334,0.12666666666666668,0.0,0.013333333333333334,0.0,0.0,0.0,0.0,0.006666666666666667,0.0,0.0,0.0,0.0,0.0,0.0,0.0
chant_008650,67,67,65,77,12,67,69,69,0.0,0.0,0.0,0.0,0.0,0.0,0.0,0.0,0.0,0.0,0.0,0.0,0.05555555555555555,0.0,0.2222222222222222,0.0,0.2345679012345679,0.0,0.12345679012345678,0.16666666666666666,0.0,0.12962962962962962,0.0,0.043209876543209874,0.024691358024691357,0.0,0.0,0.0,0.0,0.0,0.0,0.0,0.0,0.0,0.16666666666666666,0.0,0.12962962962962962,0.0,0.043209876543209874,0.08024691358024691,0.0,0.2222222222222222,0.0,0.2345679012345679,0.0,0.12345679012345678,0.0,0.0,0.0,0.0,0.0,0.0,0.0,0.0,0.0,0.0,0.0,0.0,0.006211180124223602,0.0,0.062111801242236024,0.0,0.043478260869565216,0.0,0.0,0.031055900621118012,0.0,0.049689440993788817,0.0,0.0,0.0,0.0,0.0,0.0,0.0,0.0,0.0,0.0,0.0,0.0
chant_016315,62,67,62,74,12,62,65,67,0.0,0.0,0.0,0.0,0.0,0.0,0.0,0.0,0.0,0.006493506493506494,0.0,0.0,0.05844155844155844,0.0,0.2727272727272727,0.0,0.2727272727272727,0.0,0.12987012987012986,0.2012987012987013,0.0,0.05844155844155844,0.0,0.0,0.0,0.0,0.0,0.0,0.0,0.0,0.0,0.0,0.0,0.0,0.2012987012987013,0.0,0.06493506493506493,0.0,0.0,0.05844155844155844,0.0,0.2727272727272727,0.0,0.2727272727272727,0.0,0.12987012987012986,0.0,0.0,0.0,0.0,0.0,0.0,0.0,0.0,0.0,0.0,0.0,0.0,0.006535947712418301,0.0,0.09803921568627451,0.0,0.032679738562091505,0.0,0.0,0.058823529411764705,0.0,0.013071895424836602,0.0,0.0,0.0,0.0,0.0,0.0,0.0,0.0,0.0,0.0,0.0,0.0
chant_029249,67,67,67,79,12,67,67,67,0.0,0.0,0.0,0.0,0.0,0.0,0.0,0.0,0.0,0.0,0.0,0.0,0.0,0.0,0.1346153846153846,0.0,0.15384615384615385,0.0,0.12980769230769232,0.21634615384615385,0.0,0.1971153846153846,0.0,0.09134615384615384,0.0625,0.0,0.014423076923076924,0.0,0.0,0.0,0.0,0.0,0.0,0.0,0.21634615384615385,0.0,0.1971153846153846,0.0,0.09134615384615384,0.0625,0.0,0.14903846153846154,0.0,0.15384615384615385,0.0,0.12980769230769232,0.0,0.0,0.0,0.0,0.0,0.0,0.0,0.0,0.0,0.0,0.0,0.0,0.0,0.0,0.05314009661835749,0.0,0.01932367149758454,0.0,0.004830917874396135,0.04830917874396135,0.0,0.04830917874396135,0.0,0.004830917874396135,0.00966183574879227,0.0,0.0,0.0,0.0,0.0,0.0,0.0,0.0,0.0
chant_031873,69,65,65,77,12,69,65,69,0.0,0.0,0.0,0.0,0.0,0.0,0.0,0.0,0.0,0.0,0.0,0.0,0.10236220472440945,0.0,0.2125984251968504,0.0,0.2283464566929134,0.03937007874015748,0.06299212598425197,0.2125984251968504,0.0,0.10236220472440945,0.0,0.023622047244094488,0.015748031496062992,0.0,0.0,0.0,0.0,0.0,0.0,0.0,0.0,0.0,0.2125984251968504,0.0,0.10236220472440945,0.0,0.023622047244094488,0.11811023622047244,0.0,0.2125984251968504,0.0,0.2283464566929134,0.03937007874015748,0.06299212598425197,0.0,0.0,0.0,0.0,0.0,0.0,0.0,0.0,0.0,0.0,0.0,0.0,0.015873015873015872,0.0,0.05555555555555555,0.0,0.023809523809523808,0.0,0.015873015873015872,0.07142857142857142,0.0,0.015873015873015872,0.0,0.0,0.0,0.0,0.0,0.0,0.0,0.0,0.0,0.0,0.0,0.0
chant_032992,65,67,62,74,12,65,67,69,0.0,0.0,0.0,0.0,0.0,0.0,0.0,0.0,0.0,0.04,0.0,0.04727272727272727,0.12,0.0,0.21454545454545454,0.0,0.21818181818181817,0.0,0.14909090909090908,0.1709090909090909,0.0,0.04,0.0,0.0,0.0,0.0,0.0,0.0,0.0,0.0,0.0,0.0,0.0,0.0,0.1709090909090909,0.0,0.08,0.0,0.04727272727272727,0.12,0.0,0.21454545454545454,0.0,0.21818181818181817,0.0,0.14909090909090908,0.0,0.0,0.0,0.0,0.0,0.0,0.0,0.0,0.0,0.0072992700729927005,0.0,0.0036496350364963502,0.010948905109489052,0.0,0.051094890510948905,0.0,0.014598540145985401,0.0,0.0036496350364963502,0.0364963503649635,0.0,0.0072992700729927005,0.0,0.0,0.0,0.0,0.0,0.0,0.0,0.0,0.0,0.0,0.0,0.0
chant_038999,65,64,62,70,8,65,65,65,0.0,0.0,0.0,0.0,0.0,0.0,0.0,0.0,0.0,0.06306306306306306,0.0,0.15315315315315314,0.32432432432432434,0.0,0.2702702702702703,0.0,0.17117117117117117,0.018018018018018018,0.0,0.0,0.0,0.0,0.0,0.0,0.0,0.0,0.0,0.0,0.0,0.0,0.0,0.0,0.0,0.0,0.0,0.0,0.06306306306306306,0.0,0.15315315315315314,0.32432432432432434,0.0,0.2702702702702703,0.0,0.17117117117117117,0.018018018018018018,0.0,0.0,0.0,0.0,0.0,0.0,0.0,0.0,0.0,0.0,0.00909090909090909,0.0,0.02727272727272727,0.1,0.0,0.045454545454545456,0.0,0.03636363636363636,0.0,0.0,0.0,0.0,0.0,0.0,0.0,0.0,0.0,0.0,0.0,0.0,0.0,0.0,0.0,0.0,0.0
chant_040576,62,62,60,69,9,62,60,65,0.0,0.0,0.0,0.0,0.0,0.0,0.0,0.02962962962962963,0.0,0.15555555555555556,0.0,0.11851851851851852,0.2814814814814815,0.0,0.2518518518518518,0.0,0.16296296296296298,0.0,0.0,0.0,0.0,0.0,0.0,0.0,0.0,0.0,0.0,0.0,0.0,0.0,0.0,0.0,0.0,0.0,0.02962962962962963,0.0,0.15555555555555556,0.0,0.11851851851851852,0.2814814814814815,0.0,0.2518518518518518,0.0,0.16296296296296298,0.0,0.0,0.0,0.0,0.0,0.0,0.0,0.0,0.0,0.0,0.0,0.05223880597014925,0.0,0.0,0.029850746268656716,0.0,0.05223880597014925,0.0,0.04477611940298507,0.0,0.0,0.0,0.0,0.0,0.0,0.0,0.0,0.0,0.0,0.0,0.0,0.0,0.0,0.0,0.0,0.0
chant_040643,65,62,60,72,12,65,65,64,0.0,0.0,0.0,0.0,0.0,0.0,0.0,0.053691275167785234,0.0,0.2080536912751678,0.0,0.2080536912751678,0.3691275167785235,0.0,0.10738255033557047,0.0,0.040268456375838924,0.006711409395973154,0.0,0.006711409395973154,0.0,0.0,0.0,0.0,0.0,0.0,0.0,0.0,0.0,0.0,0.0,0.0,0.0,0.0,0.06040268456375839,0.0,0.2080536912751678,0.0,0.2080536912751678,0.3691275167785235,0.0,0.10738255033557047,0.0,0.040268456375838924,0.006711409395973154,0.0,0.0,0.0,0.0,0.0,0.0,0.0,0.0,0.0,0.0,0.033783783783783786,0.0,0.0,0.0945945945945946,0.0,0.006756756756756757,0.0,0.006756756756756757,0.0,0.0,0.0,0.0,0.0,0.0,0.0,0.0,0.0,0.0,0.0,0.0,0.0,0.0,0.0,0.0,0.0
chant_041074,74,67,65,81,16,74,74,72,0.0,0.0,0.0,0.0,0.0,0.0,0.0,0.0,0.0,0.0,0.0,0.0,0.008264462809917356,0.0,0.05371900826446281,0.0,0.10743801652892562,0.0,0.0371900826446281,0.19421487603305784,0.0,0.2892561983471074,0.0,0.09917355371900827,0.16115702479338842,0.0,0.04132231404958678,0.0,0.008264462809917356,0.0,0.0,0.0,0.0,0.0,0.19421487603305784,0.0,0.2892561983471074,0.0,0.09917355371900827,0.16942148760330578,0.0,0.09504132231404959,0.0,0.11570247933884298,0.0,0.0371900826446281,0.0,0.0,0.0,0.0,0.0,0.0,0.0,0.0,0.0,0.0,0.0,0.0,0.0,0.0,0.004149377593360996,0.0,0.03319502074688797,0.0,0.0,0.06224066390041494,0.0,0.11618257261410789,0.0,0.004149377593360996,0.058091286307053944,0.0,0.008298755186721992,0.0,0.0,0.0,0.0,0.0,0.0,0.0
chant_042266,69,67,65,77,12,69,65,69,0.0,0.0,0.0,0.0,0.0,0.0,0.0,0.0,0.0,0.0,0.0,0.0,0.01282051282051282,0.0,0.09615384615384616,0.0,0.1794871794871795,0.0,0.1987179487179487,0.28205128205128205,0.0,0.16666666666666666,0.0,0.05128205128205128,0.01282051282051282,0.0,0.0,0.0,0.0,0.0,0.0,0.0,0.0,0.0,0.28205128205128205,0.0,0.16666666666666666,0.0,0.05128205128205128,0.02564102564102564,0.0,0.09615384615384616,0.0,0.1794871794871795,0.0,0.1987179487179487,0.0,0.0,0.0,0.0,0.0,0.0,0.0,0.0,0.0,0.0,0.0,0.0,0.0,0.0,0.0,0.0,0.01935483870967742,0.0,0.012903225806451613,0.05806451612903226,0.0,0.04516129032258064,0.0,0.0,0.0,0.0,0.0,0.0,0.0,0.0,0.0,0.0,0.0,0.0
chant_043377,65,62,60,74,14,65,67,69,0.0,0.0,0.0,0.0,0.0,0.0,0.0,0.060240963855421686,0.0,0.18072289156626506,0.0,0.16265060240963855,0.3072289156626506,0.0,0.1566265060240964,0.0,0.09036144578313253,0.0,0.012048192771084338,0.024096385542168676,0.0,0.006024096385542169,0.0,0.0,0.0,0.0,0.0,0.0,0.0,0.0,0.0,0.0,0.0,0.0,0.08433734939759036,0.0,0.18674698795180722,0.0,0.16265060240963855,0.3072289156626506,0.0,0.1566265060240964,0.0,0.09036144578313253,0.0,0.012048192771084338,0.0,0.0,0.0,0.0,0.0,0.0,0.0,0.0,0.0,0.048484848484848485,0.0,0.0,0.07272727272727272,0.0,0.01818181818181818,0.0,0.012121212121212121,0.0,0.0,0.0,0.0,0.0,0.0,0.0,0.0,0.0,0.0,0.0,0.0,0.0,0.0,0.0,0.0,0.0
chant_044771,64,64,62,74,12,64,62,67,0.0,0.0,0.0,0.0,0.0,0.0,0.0,0.0,0.0,0.049019607843137254,0.0,0.08823529411764706,0.11764705882352941,0.0,0.22549019607843138,0.0,0.2549019607843137,0.00980392156862745,0.13725490196078433,0.09803921568627451,0.0,0.0196078431372549,0.0,0.0,0.0,0.0,0.0,0.0,0.0,0.0,0.0,0.0,0.0,0.0,0.09803921568627451,0.0,0.06862745098039216,0.0,0.08823529411764706,0.11764705882352941,0.0,0.22549019607843138,0.0,0.2549019607843137,0.00980392156862745,0.13725490196078433,0.0,0.0,0.0,0.0,0.0,0.0,0.0,0.0,0.0,0.009900990099009901,0.0,0.0,0.019801980198019802,0.0,0.0297029702970297,0.0,0.039603960396039604,0.0,0.019801980198019802,0.009900990099009901,0.0,0.009900990099009901,0.0,0.0,0.0,0.0,0.0,0.0,0.0,0.0,0.0,0.0,0.0,0.0
chant_049846,62,65,62,76,14,62,65,67,0.0,0.0,0.0,0.0,0.0,0.0,0.0,0.0,0.0,0.007407407407407408,0.0,0.0,0.08888888888888889,0.0,0.22962962962962963,0.0,0.2962962962962963,0.007407407407407408,0.07407407407407407,0.2074074074074074,0.0,0.08148148148148149,0.0,0.007407407407407408,0.0,0.0,0.0,0.0,0.0,0.0,0.0,0.0,0.0,0.0,0.2074074074074074,0.0,0.08888888888888889,0.0,0.007407407407407408,0.08888888888888889,0.0,0.22962962962962963,0.0,0.2962962962962963,0.007407407407407408,0.07407407407407407,0.0,0.0,0.0,0.0,0.0,0.0,0.0,0.0,0.0,0.0,0.0,0.0,0.014925373134328358,0.0,0.04477611940298507,0.0,0.07462686567164178,0.0,0.0,0.05223880597014925,0.0,0.014925373134328358,0.0,0.0,0.0,0.0,0.0,0.0,0.0,0.0,0.0,0.0,0.0,0.0
chant_054426,65,64,62,72,10,65,65,67,0.0,0.0,0.0,0.0,0.0,0.0,0.0,0.0,0.0,0.04807692307692308,0.0,0.125,0.23076923076923078,0.0,0.28846153846153844,0.0,0.2692307692307692,0.0,0.0,0.038461538461538464,0.0,0.0,0.0,0.0,0.0,0.0,0.0,0.0,0.0,0.0,0.0,0.0,0.0,0.0,0.038461538461538464,0.0,0.04807692307692308,0.0,0.125,0.23076923076923078,0.0,0.28846153846153844,0.0,0.2692307692307692,0.0,0.0,0.0,0.0,0.0,0.0,0.0,0.0,0.0,0.0,0.0,0.009708737864077669,0.0,0.02912621359223301,0.06796116504854369,0.0,0.04854368932038835,0.0,0.11650485436893204,0.0,0.0,0.0,0.0,0.0,0.0,0.0,0.0,0.0,0.0,0.0,0.0,0.0,0.0,0.0,0.0,0.0
chant_059315,65,65,64,74,10,65,69,72,0.0,0.0,0.0,0.0,0.0,0.0,0.0,0.0,0.0,0.0,0.0,0.0547945205479452,0.2465753424657534,0.0,0.3013698630136986,0.0,0.2328767123287671,0.0136986301369863,0.0136986301369863,0.1095890410958904,0.0,0.0273972602739726,0.0,0.0,0.0,0.0,0.0,0.0,0.0,0.0,0.0,0.0,0.0,0.0,0.1095890410958904,0.0,0.0273972602739726,0.0,0.0547945205479452,0.2465753424657534,0.0,0.3013698630136986,0.0,0.2328767123287671,0.0136986301369863,0.0136986301369863,0.0,0.0,0.0,0.0,0.0,0.0,0.0,0.0,0.0,0.0,0.0,0.0,0.06944444444444445,0.0,0.05555555555555555,0.0,0.041666666666666664,0.0,0.0,0.013888888888888888,0.0,0.0,0.0,0.0,0.0,0.0,0.0,0.0,0.0,0.0,0.0,0.0,0.0,0.0
chant_063432,62,62,57,69,12,62,62,62,0.0,0.0,0.0,0.0,0.013605442176870748,0.0,0.006802721088435374,0.11564625850340136,0.0,0.2925170068027211,0.0,0.1360544217687075,0.2653061224489796,0.0,0.12244897959183673,0.0,0.047619047619047616,0.0,0.0,0.0,0.0,0.0,0.0,0.0,0.0,0.0,0.0,0.0,0.0,0.0,0.0,0.0,0.0,0.0,0.11564625850340136,0.0,0.2925170068027211,0.0,0.1360544217687075,0.2653061224489796,0.0,0.12244897959183673,0.0,0.061224489795918366,0.0,0.006802721088435374,0.0,0.0,0.0,0.0,0.0,0.0,0.0,0.0,0.0,0.08904109589041095,0.0,0.0,0.0547945205479452,0.0,0.02054794520547945,0.0,0.0,0.0,0.0,0.0,0.0,0.0,0.0,0.0,0.0,0.0,0.0,0.0,0.0,0.0,0.0,0.0,0.0,0.0
chant_065462,67,67,65,79,14,67,69,67,0.0,0.0,0.0,0.0,0.0,0.0,0.0,0.0,0.0,0.0,0.0,0.0,0.01818181818181818,0.0,0.2545454545454545,0.0,0.2,0.0,0.14545454545454545,0.12727272727272726,0.0,0.17272727272727273,0.0,0.05454545454545454,0.01818181818181818,0.0,0.00909090909090909,0.0,0.0,0.0,0.0,0.0,0.0,0.0,0.12727272727272726,0.0,0.17272727272727273,0.0,0.05454545454545454,0.03636363636363636,0.0,0.2636363636363636,0.0,0.2,0.0,0.14545454545454545,0.0,0.0,0.0,0.0,0.0,0.0,0.0,0.0,0.0,0.0,0.0,0.0,0.0,0.0,0.07339449541284404,0.0,0.01834862385321101,0.0,0.0,0.0,0.0,0.05504587155963303,0.0,0.0,0.0,0.0,0.0,0.0,0.0,0.0,0.0,0.0,0.0,0.0
chant_072429,62,62,60,74,14,62,62,65,0.0,0.0,0.0,0.0,0.0,0.0,0.0,0.02531645569620253,0.0,0.1308016877637131,0.0,0.08860759493670886,0.19831223628691982,0.0,0.2320675105485232,0.0,0.23628691983122363,0.0379746835443038,0.008438818565400843,0.02531645569620253,0.0,0.016877637130801686,0.0,0.0,0.0,0.0,0.0,0.0,0.0,0.0,0.0,0.0,0.0,0.0,0.05063291139240506,0.0,0.14767932489451477,0.0,0.08860759493670886,0.19831223628691982,0.0,0.2320675105485232,0.0,0.23628691983122363,0.0379746835443038,0.008438818565400843,0.0,0.0,0.0,0.0,0.0,0.0,0.0,0.00423728813559322,0.0,0.038135593220338986,0.0,0.00423728813559322,0.038135593220338986,0.0,0.029661016949152543,0.0,0.07203389830508475,0.0,0.0,0.0,0.0,0.00423728813559322,0.0,0.0,0.0,0.0,0.0,0.0,0.0,0.0,0.0,0.0,0.0,0.0
chant_077094,62,67,60,74,14,62,65,67,0.0,0.0,0.0,0.0,0.0,0.0,0.0,0.0078125,0.0,0.046875,0.0,0.0234375,0.1171875,0.0,0.296875,0.0,0.296875,0.0078125,0.0859375,0.1015625,0.0,0.015625,0.0,0.0,0.0,0.0,0.0,0.0,0.0,0.0,0.0,0.0,0.0,0.0,0.109375,0.0,0.0625,0.0,0.0234375,0.1171875,0.0,0.296875,0.0,0.296875,0.0078125,0.0859375,0.0,0.0,0.0,0.0,0.0,0.0,0.0,0.0,0.0,0.015748031496062992,0.0,0.0,0.007874015748031496,0.0,0.09448818897637795,0.0,0.03937007874015748,0.0,0.0,0.0,0.0,0.0,0.0,0.0,0.0,0.0,0.0,0.0,0.0,0.0,0.0,0.0,0.0,0.0
chant_077400,62,62,59,71,12,62,60,62,0.0,0.0,0.0,0.0,0.0,0.0,0.015873015873015872,0.11904761904761904,0.0,0.23809523809523808,0.0,0.16666666666666666,0.2222222222222222,0.0,0.15873015873015872,0.0,0.07142857142857142,0.0,0.007936507936507936,0.0,0.0,0.0,0.0,0.0,0.0,0.0,0.0,0.0,0.0,0.0,0.0,0.0,0.0,0.0,0.11904761904761904,0.0,0.23809523809523808,0.0,0.16666666666666666,0.2222222222222222,0.0,0.15873015873015872,0.0,0.07142857142857142,0.0,0.023809523809523808,0.0,0.0,0.0,0.0,0.0,0.0,0.0,0.016,0.0,0.072,0.0,0.008,0.016,0.0,0.008,0.0,0.0,0.0,0.0,0.0,0.0,0.0,0.0,0.0,0.0,0.0,0.0,0.0,0.0,0.0,0.0,0.0,0.0,0.0
chant_078238,65,65,60,72,12,65,70,67,0.0,0.0,0.0,0.0,0.0,0.0,0.0,0.0234375,0.0,0.0234375,0.0,0.015625,0.3046875,0.0,0.359375,0.0,0.109375,0.1171875,0.0390625,0.0078125,0.0,0.0,0.0,0.0,0.0,0.0,0.0,0.0,0.0,0.0,0.0,0.0,0.0,0.0,0.03125,0.0,0.0234375,0.0,0.015625,0.3046875,0.0,0.359375,0.0,0.109375,0.1171875,0.0390625,0.0,0.0,0.0,0.0,0.0,0.0,0.0,0.0,0.0,0.0,0.0,0.0,0.12598425196850394,0.0,0.08661417322834646,0.0,0.015748031496062992,0.031496062992125984,0.031496062992125984,0.0,0.0,0.0,0.0,0.0,0.0,0.0,0.0,0.0,0.0,0.0,0.0,0.0,0.0,0.0
chant_081194,62,62,60,76,16,62,60,62,0.0,0.0,0.0,0.0,0.0,0.0,0.0,0.061224489795918366,0.0,0.15306122448979592,0.0,0.1326530612244898,0.19387755102040816,0.0,0.15306122448979592,0.0,0.16326530612244897,0.01020408163265306,0.04081632653061224,0.05102040816326531,0.0,0.030612244897959183,0.0,0.01020408163265306,0.0,0.0,0.0,0.0,0.0,0.0,0.0,0.0,0.0,0.0,0.11224489795918367,0.0,0.1836734693877551,0.0,0.14285714285714285,0.19387755102040816,0.0,0.15306122448979592,0.0,0.16326530612244897,0.01020408163265306,0.04081632653061224,0.0,0.0,0.0,0.0,0.0,0.0,0.0,0.0,0.0,0.05154639175257732,0.0,0.0,0.010309278350515464,0.0,0.020618556701030927,0.0,0.05154639175257732,0.0,0.0,0.0,0.0,0.0,0.0,0.0,0.0,0.0,0.0,0.0,0.0,0.0,0.0,0.0,0.0,0.0
chant_084104,62,64,60,69,9,62,65,62,0.0,0.0,0.0,0.0,0.0,0.0,0.0,0.012658227848101266,0.0,0.10126582278481013,0.0,0.13924050632911392,0.3291139240506329,0.0,0.2911392405063291,0.0,0.12658227848101267,0.0,0.0,0.0,0.0,0.0,0.0,0.0,0.0,0.0,0.0,0.0,0.0,0.0,0.0,0.0,0.0,0.0,0.012658227848101266,0.0,0.10126582278481013,0.0,0.13924050632911392,0.3291139240506329,0.0,0.2911392405063291,0.0,0.12658227848101267,0.0,0.0,0.0,0.0,0.0,0.0,0.0,0.0,0.0,0.0,0.0,0.01282051282051282,0.0,0.0,0.10256410256410256,0.0,0.05128205128205128,0.0,0.0,0.0,0.0,0.0,0.0,0.0,0.0,0.0,0.0,0.0,0.0,0.0,0.0,0.0,0.0,0.0,0.0,0.0
chant_087878,65,67,65,77,12,65,67,69,0.0,0.0,0.0,0.0,0.0,0.0,0.0,0.0,0.0,0.0,0.0,0.0,0.043209876543209874,0.0,0.20987654320987653,0.0,0.345679012345679,0.0,0.06172839506172839,0.25925925925925924,0.0,0.06790123456790123,0.0,0.006172839506172839,0.006172839506172839,0.0,0.0,0.0,0.0,0.0,0.0,0.0,0.0,0.0,0.25925925925925924,0.0,0.06790123456790123,0.0,0.006172839506172839,0.04938271604938271,0.0,0.20987654320987653,0.0,0.345679012345679,0.0,0.06172839506172839,0.0,0.0,0.0,0.0,0.0,0.0,0.0,0.0,0.0,0.0,0.0,0.0,0.0,0.0,0.062111801242236024,0.0,0.11180124223602485,0.0,0.0,0.09937888198757763,0.0,0.012422360248447204,0.0,0.0,0.0,0.0,0.0,0.0,0.0,0.0,0.0,0.0,0.0,0.0
chant_088336,72,67,65,79,14,72,72,71,0.0,0.0,0.0,0.0,0.0,0.0,0.0,0.0,0.0,0.0,0.0,0.0,0.033783783783783786,0.0,0.13851351351351351,0.0,0.17905405405405406,0.0,0.13175675675675674,0.20270270270270271,0.0,0.14864864864864866,0.0,0.06418918918918919,0.08108108108108109,0.0,0.02027027027027027,0.0,0.0,0.0,0.0,0.0,0.0,0.0,0.20270270270270271,0.0,0.14864864864864866,0.0,0.06418918918918919,0.11486486486486487,0.0,0.15878378378378377,0.0,0.17905405405405406,0.0,0.13175675675675674,0.0,0.0,0.0,0.0,0.0,0.0,0.0,0.0,0.0,0.0,0.0,0.0,0.0,0.0,0.030508474576271188,0.0,0.023728813559322035,0.0,0.010169491525423728,0.03728813559322034,0.0,0.023728813559322035,0.0,0.0,0.020338983050847456,0.0,0.003389830508474576,0.0,0.0,0.0,0.0,0.0,0.0,0.0
chant_092676,67,67,65,81,16,67,69,67,0.0,0.0,0.0,0.0,0.0,0.0,0.0,0.0,0.0,0.0,0.0,0.0,0.038461538461538464,0.0,0.11538461538461539,0.0,0.16025641025641027,0.0,0.10256410256410256,0.19230769230769232,0.0,0.20512820512820512,0.0,0.10897435897435898,0.057692307692307696,0.0,0.01282051282051282,0.0,0.00641025641025641,0.0,0.0,0.0,0.0,0.0,0.19230769230769232,0.0,0.20512820512820512,0.0,0.10897435897435898,0.09615384615384616,0.0,0.1282051282051282,0.0,0.16666666666666666,0.0,0.10256410256410256,0.0,0.0,0.0,0.0,0.0,0.0,0.0,0.0,0.0,0.0,0.0,0.0,0.0064516129032258064,0.0,0.03225806451612903,0.0,0.01935483870967742,0.0,0.0,0.01935483870967742,0.0,0.04516129032258064,0.0,0.0,0.0,0.0,0.0064516129032258064,0.0,0.0,0.0,0.0,0.0,0.0,0.0
chant_094319,65,62,60,74,14,65,65,65,0.0,0.0,0.0,0.0,0.0,0.0,0.0,0.037037037037037035,0.0,0.1527777777777778,0.0,0.12037037037037036,0.25462962962962965,0.0,0.1388888888888889,0.0,0.13425925925925927,0.10648148148148148,0.0,0.041666666666666664,0.0,0.013888888888888888,0.0,0.0,0.0,0.0,0.0,0.0,0.0,0.0,0.0,0.0,0.0,0.0,0.0787037037037037,0.0,0.16666666666666666,0.0,0.12037037037037036,0.25462962962962965,0.0,0.1388888888888889,0.0,0.13425925925925927,0.10648148148148148,0.0,0.0,0.0,0.0,0.0,0.0,0.0,0.0,0.0,0.0,0.03255813953488372,0.0,0.0,0.07441860465116279,0.0,0.009302325581395349,0.0,0.013953488372093023,0.023255813953488372,0.0,0.0,0.0,0.0,0.0,0.0,0.0,0.0,0.0,0.0,0.0,0.0,0.0,0.0,0.0,0.0
chant_110541,62,67,62,74,12,62,62,65,0.0,0.0,0.0,0.0,0.0,0.0,0.0,0.0,0.0,0.017857142857142856,0.0,0.0,0.0625,0.0,0.22321428571428573,0.0,0.3125,0.0,0.16071428571428573,0.17857142857142858,0.0,0.044642857142857144,0.0,0.0,0.0,0.0,0.0,0.0,0.0,0.0,0.0,0.0,0.0,0.0,0.17857142857142858,0.0,0.0625,0.0,0.0,0.0625,0.0,0.22321428571428573,0.0,0.3125,0.0,0.16071428571428573,0.0,0.0,0.0,0.0,0.0,0.0,0.0,0.0,0.0,0.009009009009009009,0.0,0.0,0.0,0.0,0.04504504504504504,0.0,0.06306306306306306,0.0,0.009009009009009009,0.036036036036036036,0.0,0.009009009009009009,0.0,0.0,0.0,0.0,0.0,0.0,0.0,0.0,0.0,0.0,0.0,0.0
chant_111334,67,67,62,74,12,67,67,67,0.0,0.0,0.0,0.0,0.0,0.0,0.0,0.0,0.0,0.011111111111111112,0.0,0.011111111111111112,0.022222222222222223,0.0,0.24444444444444444,0.0,0.28888888888888886,0.0,0.15555555555555556,0.23333333333333334,0.0,0.03333333333333333,0.0,0.0,0.0,0.0,0.0,0.0,0.0,0.0,0.0,0.0,0.0,0.0,0.23333333333333334,0.0,0.044444444444444446,0.0,0.011111111111111112,0.022222222222222223,0.0,0.24444444444444444,0.0,0.28888888888888886,0.0,0.15555555555555556,0.0,0.0,0.0,0.0,0.0,0.0,0.0,0.0,0.0,0.0,0.0,0.0,0.0,0.0,0.06741573033707865,0.0,0.056179775280898875,0.0,0.0,0.0898876404494382,0.0,0.011235955056179775,0.0,0.0,0.0,0.0,0.0,0.0,0.0,0.0,0.0,0.0,0.0,0.0
chant_115054,67,67,65,79,14,67,72,72,0.0,0.0,0.0,0.0,0.0,0.0,0.0,0.0,0.0,0.0,0.0,0.0,0.013513513513513514,0.0,0.0945945945945946,0.0,0.06756756756756757,0.0,0.13513513513513514,0.21621621621621623,0.0,0.25675675675675674,0.0,0.12162162162162163,0.08108108108108109,0.0,0.013513513513513514,0.0,0.0,0.0,0.0,0.0,0.0,0.0,0.21621621621621623,0.0,0.25675675675675674,0.0,0.12162162162162163,0.0945945945945946,0.0,0.10810810810810811,0.0,0.06756756756756757,0.0,0.13513513513513514,0.0,0.0,0.0,0.0,0.0,0.0,0.0,0.0,0.0,0.0,0.0,0.0,0.0,0.0,0.0273972602739726,0.0,0.0,0.0,0.0136986301369863,0.0684931506849315,0.0,0.0410958904109589,0.0,0.0136986301369863,0.0136986301369863,0.0,0.0,0.0,0.0,0.0,0.0,0.0,0.0,0.0
chant_116614,65,64,60,72,12,65,62,65,0.0,0.0,0.0,0.0,0.0,0.0,0.0,0.017699115044247787,0.0,0.09734513274336283,0.0,0.13274336283185842,0.30973451327433627,0.0,0.25663716814159293,0.0,0.1592920353982301,0.0,0.0,0.02654867256637168,0.0,0.0,0.0,0.0,0.0,0.0,0.0,0.0,0.0,0.0,0.0,0.0,0.0,0.0,0.04424778761061947,0.0,0.09734513274336283,0.0,0.13274336283185842,0.30973451327433627,0.0,0.25663716814159293,0.0,0.1592920353982301,0.0,0.0,0.0,0.0,0.0,0.0,0.0,0.0,0.0,0.0,0.0,0.0,0.0,0.0,0.13392857142857142,0.0,0.044642857142857144,0.0,0.03571428571428571,0.0,0.0,0.0,0.0,0.0,0.0,0.0,0.0,0.0,0.0,0.0,0.0,0.0,0.0,0.0,0.0,0.0
chant_120052,65,64,60,72,12,65,65,65,0.0,0.0,0.0,0.0,0.0,0.0,0.0,0.006535947712418301,0.0,0.058823529411764705,0.0,0.1503267973856209,0.2875816993464052,0.0,0.21568627450980393,0.0,0.20915032679738563,0.0196078431372549,0.0196078431372549,0.032679738562091505,0.0,0.0,0.0,0.0,0.0,0.0,0.0,0.0,0.0,0.0,0.0,0.0,0.0,0.0,0.0392156862745098,0.0,0.058823529411764705,0.0,0.1503267973856209,0.2875816993464052,0.0,0.21568627450980393,0.0,0.20915032679738563,0.0196078431372549,0.0196078431372549,0.0,0.0,0.0,0.0,0.0,0.0,0.0,0.0,0.0,0.0,0.0,0.006578947368421052,0.07894736842105263,0.0,0.03289473684210526,0.0,0.06578947368421052,0.0,0.0,0.006578947368421052,0.0,0.0,0.0,0.0,0.0,0.0,0.0,0.0,0.0,0.0,0.0,0.0,0.0,0.0
chant_122927,69,62,60,76,16,69,69,67,0.0,0.0,0.0,0.0,0.0,0.0,0.0,0.0035714285714285713,0.0,0.04285714285714286,0.0,0.07857142857142857,0.08928571428571429,0.0,0.1392857142857143,0.0,0.23214285714285715,0.0,0.17142857142857143,0.15714285714285714,0.0,0.06428571428571428,0.0,0.02142857142857143,0.0,0.0,0.0,0.0,0.0,0.0,0.0,0.0,0.0,0.0,0.16071428571428573,0.0,0.10714285714285714,0.0,0.1,0.08928571428571429,0.0,0.1392857142857143,0.0,0.23214285714285715,0.0,0.17142857142857143,0.0,0.0,0.0,0.0,0.0,0.0,0.0,0.0,0.0,0.0035842293906810036,0.0,0.007168458781362007,0.0035842293906810036,0.0,0.0035842293906810036,0.0,0.053763440860215055,0.0,0.017921146953405017,0.021505376344086023,0.0,0.010752688172043012,0.0,0.0,0.0,0.0,0.0,0.0,0.0,0.0,0.0,0.0,0.0,0.0
chant_124816,62,62,60,72,12,62,65,62,0.0,0.0,0.0,0.0,0.0,0.0,0.0,0.0707070707070707,0.0,0.20202020202020202,0.0,0.08080808080808081,0.23232323232323232,0.0,0.1717171717171717,0.0,0.1919191919191919,0.030303030303030304,0.010101010101010102,0.010101010101010102,0.0,0.0,0.0,0.0,0.0,0.0,0.0,0.0,0.0,0.0,0.0,0.0,0.0,0.0,0.08080808080808081,0.0,0.20202020202020202,0.0,0.08080808080808081,0.23232323232323232,0.0,0.1717171717171717,0.0,0.1919191919191919,0.030303030303030304,0.010101010101010102,0.0,0.0,0.0,0.0,0.0,0.0,0.0,0.02040816326530612,0.0,0.061224489795918366,0.0,0.01020408163265306,0.030612244897959183,0.0,0.0,0.0,0.07142857142857142,0.0,0.0,0.0,0.0,0.0,0.0,0.0,0.0,0.0,0.0,0.0,0.0,0.0,0.0,0.0,0.0,0.0
chant_126774,72,64,62,72,10,72,72,71,0.0,0.0,0.0,0.0,0.0,0.0,0.0,0.0,0.0,0.04411764705882353,0.0,0.1323529411764706,0.1323529411764706,0.0,0.20588235294117646,0.0,0.20588235294117646,0.0,0.08823529411764706,0.19117647058823528,0.0,0.0,0.0,0.0,0.0,0.0,0.0,0.0,0.0,0.0,0.0,0.0,0.0,0.0,0.19117647058823528,0.0,0.04411764705882353,0.0,0.1323529411764706,0.1323529411764706,0.0,0.20588235294117646,0.0,0.20588235294117646,0.0,0.08823529411764706,0.0,0.0,0.0,0.0,0.0,0.0,0.0,0.0,0.0,0.0,0.0,0.0,0.04477611940298507,0.0,0.014925373134328358,0.0,0.029850746268656716,0.0,0.014925373134328358,0.07462686567164178,0.0,0.0,0.0,0.0,0.0,0.0,0.0,0.0,0.0,0.0,0.0,0.0,0.0,0.0
chant_126881,62,64,62,72,10,62,62,65,0.0,0.0,0.0,0.0,0.0,0.0,0.0,0.0,0.0,0.09322033898305085,0.0,0.1271186440677966,0.2457627118644068,0.0,0.211864406779661,0.0,0.15254237288135594,0.0,0.01694915254237288,0.15254237288135594,0.0,0.0,0.0,0.0,0.0,0.0,0.0,0.0,0.0,0.0,0.0,0.0,0.0,0.0,0.15254237288135594,0.0,0.09322033898305085,0.0,0.1271186440677966,0.2457627118644068,0.0,0.211864406779661,0.0,0.15254237288135594,0.0,0.01694915254237288,0.0,0.0,0.0,0.0,0.0,0.0,0.0,0.0,0.0,0.008547008547008548,0.0,0.02564102564102564,0.06837606837606838,0.0,0.06837606837606838,0.0,0.05982905982905983,0.0,0.0,0.07692307692307693,0.0,0.0,0.0,0.0,0.0,0.0,0.0,0.0,0.0,0.0,0.0,0.0,0.0,0.0
chant_131009,62,62,60,76,16,62,64,65,0.0,0.0,0.0,0.0,0.0,0.0,0.0,0.015151515151515152,0.0,0.14393939393939395,0.0,0.12878787878787878,0.19696969696969696,0.0,0.13636363636363635,0.0,0.1590909090909091,0.0,0.06060606060606061,0.11363636363636363,0.0,0.03787878787878788,0.0,0.007575757575757576,0.0,0.0,0.0,0.0,0.0,0.0,0.0,0.0,0.0,0.0,0.12878787878787878,0.0,0.18181818181818182,0.0,0.13636363636363635,0.19696969696969696,0.0,0.13636363636363635,0.0,0.1590909090909091,0.0,0.06060606060606061,0.0,0.0,0.0,0.0,0.0,0.0,0.0,0.0,0.0,0.03816793893129771,0.0,0.0,0.022900763358778626,0.0,0.007633587786259542,0.0,0.022900763358778626,0.0,0.0,0.022900763358778626,0.0,0.007633587786259542,0.0,0.0,0.0,0.0,0.0,0.0,0.0,0.0,0.0,0.0,0.0,0.0
chant_131897,65,67,65,74,9,65,67,69,0.0,0.0,0.0,0.0,0.0,0.0,0.0,0.0,0.0,0.0,0.0,0.0,0.08396946564885496,0.0,0.32061068702290074,0.0,0.32061068702290074,0.0,0.09923664122137404,0.13740458015267176,0.0,0.03816793893129771,0.0,0.0,0.0,0.0,0.0,0.0,0.0,0.0,0.0,0.0,0.0,0.0,0.13740458015267176,0.0,0.03816793893129771,0.0,0.0,0.08396946564885496,0.0,0.32061068702290074,0.0,0.32061068702290074,0.0,0.09923664122137404,0.0,0.0,0.0,0.0,0.0,0.0,0.0,0.0,0.0,0.0,0.0,0.0,0.007692307692307693,0.0,0.11538461538461539,0.0,0.038461538461538464,0.0,0.0,0.038461538461538464,0.0,0.007692307692307693,0.0,0.0,0.0,0.0,0.0,0.0,0.0,0.0,0.0,0.0,0.0,0.0
chant_139823,64,64,60,74,14,64,64,65,0.0,0.0,0.0,0.0,0.0,0.0,0.0,0.031446540880503145,0.0,0.1069182389937107,0.0,0.2641509433962264,0.1761006289308176,0.0,0.20754716981132076,0.0,0.11320754716981132,0.0,0.050314465408805034,0.03773584905660377,0.0,0.012578616352201259,0.0,0.0,0.0,0.0,0.0,0.0,0.0,0.0,0.0,0.0,0.0,0.0,0.06918238993710692,0.0,0.11949685534591195,0.0,0.2641509433962264,0.1761006289308176,0.0,0.20754716981132076,0.0,0.11320754716981132,0.0,0.050314465408805034,0.0,0.0,0.0,0.0,0.0,0.0,0.0,0.0,0.0,0.0,0.0,0.056962025316455694,0.006329113924050633,0.0,0.02531645569620253,0.0,0.0189873417721519,0.0,0.006329113924050633,0.012658227848101266,0.0,0.006329113924050633,0.0,0.0,0.0,0.0,0.0,0.0,0.0,0.0,0.0,0.0,0.0,0.0
chant_144149,60,64,60,72,12,60,62,65,0.0,0.0,0.0,0.0,0.0,0.0,0.0,0.034722222222222224,0.0,0.1111111111111111,0.0,0.1597222222222222,0.375,0.0,0.1875,0.0,0.1111111111111111,0.0,0.0,0.020833333333333332,0.0,0.0,0.0,0.0,0.0,0.0,0.0,0.0,0.0,0.0,0.0,0.0,0.0,0.0,0.05555555555555555,0.0,0.1111111111111111,0.0,0.1597222222222222,0.375,0.0,0.1875,0.0,0.1111111111111111,0.0,0.0,0.0,0.0,0.0,0.0,0.0,0.0,0.0,0.0,0.0,0.006993006993006993,0.0,0.006993006993006993,0.13986013986013987,0.0,0.013986013986013986,0.0,0.013986013986013986,0.0,0.0,0.0,0.0,0.0,0.0,0.0,0.0,0.0,0.0,0.0,0.0,0.0,0.0,0.0,0.0,0.0
chant_145502,67,69,65,79,14,67,69,72,0.0,0.0,0.0,0.0,0.0,0.0,0.0,0.0,0.0,0.0,0.0,0.0,0.009708737864077669,0.0,0.05825242718446602,0.0,0.1407766990291262,0.0,0.11165048543689321,0.20388349514563106,0.0,0.19902912621359223,0.0,0.13106796116504854,0.10679611650485436,0.0,0.038834951456310676,0.0,0.0,0.0,0.0,0.0,0.0,0.0,0.20388349514563106,0.0,0.19902912621359223,0.0,0.13106796116504854,0.11650485436893204,0.0,0.0970873786407767,0.0,0.1407766990291262,0.0,0.11165048543689321,0.0,0.0,0.0,0.0,0.0,0.0,0.0,0.0,0.0,0.0,0.0,0.0,0.004878048780487805,0.0,0.00975609756097561,0.0,0.024390243902439025,0.0,0.004878048780487805,0.02926829268292683,0.0,0.02926829268292683,0.0,0.03414634146341464,0.03414634146341464,0.0,0.004878048780487805,0.0,0.0,0.0,0.0,0.0,0.0,0.0
chant_147233,67,67,60,74,14,67,67,65,0.0,0.0,0.0,0.0,0.0,0.0,0.0,0.020833333333333332,0.0,0.036458333333333336,0.0,0.010416666666666666,0.11458333333333333,0.0,0.2916666666666667,0.0,0.24479166666666666,0.057291666666666664,0.015625,0.17708333333333334,0.0,0.03125,0.0,0.0,0.0,0.0,0.0,0.0,0.0,0.0,0.0,0.0,0.0,0.0,0.19791666666666666,0.0,0.06770833333333333,0.0,0.010416666666666666,0.11458333333333333,0.0,0.2916666666666667,0.0,0.24479166666666666,0.057291666666666664,0.015625,0.0,0.0,0.0,0.0,0.0,0.0,0.0,0.0,0.0,0.005235602094240838,0.0,0.0,0.010471204188481676,0.0,0.05759162303664921,0.0,0.005235602094240838,0.005235602094240838,0.0,0.04712041884816754,0.0,0.005235602094240838,0.0,0.0,0.0,0.0,0.0,0.0,0.0,0.0,0.0,0.0,0.0,0.0
chant_159528,72,71,67,74,7,72,72,69,0.0,0.0,0.0,0.0,0.0,0.0,0.0,0.0,0.0,0.0,0.0,0.0,0.0,0.0,0.05,0.0,0.25,0.0,0.1,0.5,0.0,0.1,0.0,0.0,0.0,0.0,0.0,0.0,0.0,0.0,0.0,0.0,0.0,0.0,0.5,0.0,0.1,0.0,0.0,0.0,0.0,0.05,0.0,0.25,0.0,0.1,0.0,0.0,0.0,0.0,0.0,0.0,0.0,0.0,0.0,0.0,0.0,0.0,0.0,0.0,0.0,0.0,0.0,0.0,0.0,0.21052631578947367,0.0,0.0,0.0,0.0,0.0,0.0,0.0,0.0,0.0,0.0,0.0,0.0,0.0,0.0
chant_160131,64,64,62,74,12,64,62,67,0.0,0.0,0.0,0.0,0.0,0.0,0.0,0.0,0.0,0.045454545454545456,0.0,0.12626262626262627,0.16666666666666666,0.0,0.20707070707070707,0.0,0.1919191919191919,0.015151515151515152,0.07575757575757576,0.14646464646464646,0.0,0.025252525252525252,0.0,0.0,0.0,0.0,0.0,0.0,0.0,0.0,0.0,0.0,0.0,0.0,0.14646464646464646,0.0,0.0707070707070707,0.0,0.12626262626262627,0.16666666666666666,0.0,0.20707070707070707,0.0,0.1919191919191919,0.015151515151515152,0.07575757575757576,0.0,0.0,0.0,0.0,0.0,0.0,0.0,0.0,0.0,0.0,0.0,0.005076142131979695,0.04060913705583756,0.0,0.01015228426395939,0.0,0.02030456852791878,0.005076142131979695,0.0,0.04568527918781726,0.0,0.0,0.0,0.0,0.0,0.0,0.0,0.0,0.0,0.0,0.0,0.0,0.0,0.0
chant_161679,67,67,65,76,11,67,69,67,0.0,0.0,0.0,0.0,0.0,0.0,0.0,0.0,0.0,0.0,0.0,0.0,0.026905829596412557,0.0,0.13004484304932734,0.0,0.17040358744394618,0.0,0.14349775784753363,0.30493273542600896,0.0,0.17040358744394618,0.0,0.053811659192825115,0.0,0.0,0.0,0.0,0.0,0.0,0.0,0.0,0.0,0.0,0.30493273542600896,0.0,0.17040358744394618,0.0,0.053811659192825115,0.026905829596412557,0.0,0.13004484304932734,0.0,0.17040358744394618,0.0,0.14349775784753363,0.0,0.0,0.0,0.0,0.0,0.0,0.0,0.0,0.0,0.0,0.0,0.0,0.009009009009009009,0.0,0.018018018018018018,0.0,0.018018018018018018,0.0,0.009009009009009009,0.08558558558558559,0.0,0.036036036036036036,0.0,0.009009009009009009,0.0,0.0,0.0,0.0,0.0,0.0,0.0,0.0,0.0,0.0
chant_163834,57,62,57,69,12,57,57,60,0.0,0.0,0.0,0.0,0.03355704697986577,0.0,0.026845637583892617,0.12080536912751678,0.0,0.3087248322147651,0.0,0.1342281879194631,0.2751677852348993,0.0,0.09395973154362416,0.0,0.006711409395973154,0.0,0.0,0.0,0.0,0.0,0.0,0.0,0.0,0.0,0.0,0.0,0.0,0.0,0.0,0.0,0.0,0.0,0.12080536912751678,0.0,0.3087248322147651,0.0,0.1342281879194631,0.2751677852348993,0.0,0.09395973154362416,0.0,0.040268456375838924,0.0,0.026845637583892617,0.0,0.0,0.0,0.0,0.006756756756756757,0.0,0.0,0.02702702702702703,0.0,0.10135135135135136,0.0,0.0,0.060810810810810814,0.0,0.02702702702702703,0.0,0.0,0.0,0.0,0.0,0.0,0.0,0.0,0.0,0.0,0.0,0.0,0.0,0.0,0.0,0.0,0.0,0.0,0.0
chant_165219,67,67,65,77,12,67,69,72,0.0,0.0,0.0,0.0,0.0,0.0,0.0,0.0,0.0,0.0,0.0,0.0,0.030456852791878174,0.0,0.19289340101522842,0.0,0.20304568527918782,0.0,0.1065989847715736,0.25888324873096447,0.0,0.15736040609137056,0.0,0.04568527918781726,0.005076142131979695,0.0,0.0,0.0,0.0,0.0,0.0,0.0,0.0,0.0,0.25888324873096447,0.0,0.15736040609137056,0.0,0.04568527918781726,0.03553299492385787,0.0,0.19289340101522842,0.0,0.20304568527918782,0.0,0.1065989847715736,0.0,0.0,0.0,0.0,0.0,0.0,0.0,0.0,0.0,0.0,0.0,0.0,0.01020408163265306,0.0,0.07142857142857142,0.0,0.02040816326530612,0.0,0.0,0.061224489795918366,0.0,0.03571428571428571,0.0,0.01020408163265306,0.0,0.0,0.0,0.0,0.0,0.0,0.0,0.0,0.0,0.0
chant_176770,60,62,60,72,12,60,62,65,0.0,0.0,0.0,0.0,0.0,0.0,0.0,0.05555555555555555,0.0,0.16666666666666666,0.0,0.1527777777777778,0.2013888888888889,0.0,0.2152777777777778,0.0,0.1736111111111111,0.006944444444444444,0.013888888888888888,0.013888888888888888,0.0,0.0,0.0,0.0,0.0,0.0,0.0,0.0,0.0,0.0,0.0,0.0,0.0,0.0,0.06944444444444445,0.0,0.16666666666666666,0.0,0.1527777777777778,0.2013888888888889,0.0,0.2152777777777778,0.0,0.1736111111111111,0.006944444444444444,0.013888888888888888,0.0,0.0,0.0,0.0,0.0,0.0,0.0,0.006993006993006993,0.0,0.04195804195804196,0.0,0.0,0.006993006993006993,0.0,0.027972027972027972,0.0,0.02097902097902098,0.0,0.0,0.0,0.0,0.0,0.0,0.0,0.0,0.0,0.0,0.0,0.0,0.0,0.0,0.0,0.0,0.0
chant_183125,65,64,62,72,10,65,65,65,0.0,0.0,0.0,0.0,0.0,0.0,0.0,0.0,0.0,0.03676470588235294,0.0,0.08088235294117647,0.2426470588235294,0.0,0.3235294117647059,0.0,0.2867647058823529,0.0,0.0,0.029411764705882353,0.0,0.0,0.0,0.0,0.0,0.0,0.0,0.0,0.0,0.0,0.0,0.0,0.0,0.0,0.029411764705882353,0.0,0.03676470588235294,0.0,0.08088235294117647,0.2426470588235294,0.0,0.3235294117647059,0.0,0.2867647058823529,0.0,0.0,0.0,0.0,0.0,0.0,0.0,0.0,0.0,0.0,0.0,0.014814814814814815,0.0,0.0,0.0962962962962963,0.0,0.02962962962962963,0.0,0.07407407407407407,0.0,0.0,0.0,0.0,0.0,0.0,0.0,0.0,0.0,0.0,0.0,0.0,0.0,0.0,0.0,0.0,0.0
chant_189581,67,67,64,79,15,67,71,72,0.0,0.0,0.0,0.0,0.0,0.0,0.0,0.0,0.0,0.0,0.0,0.009174311926605505,0.03669724770642202,0.0,0.1559633027522936,0.0,0.09174311926605505,0.0,0.09174311926605505,0.1743119266055046,0.0,0.22935779816513763,0.0,0.11926605504587157,0.06422018348623854,0.0,0.027522935779816515,0.0,0.0,0.0,0.0,0.0,0.0,0.0,0.1743119266055046,0.0,0.22935779816513763,0.0,0.12844036697247707,0.10091743119266056,0.0,0.1834862385321101,0.0,0.09174311926605505,0.0,0.09174311926605505,0.0,0.0,0.0,0.0,0.0,0.0,0.0,0.0,0.0,0.0,0.0,0.0,0.0,0.0,0.06481481481481481,0.0,0.0,0.0,0.0,0.0,0.0,0.08333333333333333,0.0,0.0,0.0,0.0,0.009259259259259259,0.0,0.0,0.0,0.0,0.0,0.0,0.0
chant_193592,67,67,65,79,14,67,72,72,0.0,0.0,0.0,0.0,0.0,0.0,0.0,0.0,0.0,0.0,0.0,0.0,0.0072992700729927005,0.0,0.11678832116788321,0.0,0.24087591240875914,0.0,0.072992700729927,0.2773722627737226,0.0,0.17518248175182483,0.0,0.10218978102189781,0.0,0.0,0.0072992700729927005,0.0,0.0,0.0,0.0,0.0,0.0,0.0,0.2773722627737226,0.0,0.17518248175182483,0.0,0.10218978102189781,0.0072992700729927005,0.0,0.12408759124087591,0.0,0.24087591240875914,0.0,0.072992700729927,0.0,0.0,0.0,0.0,0.0,0.0,0.0,0.0,0.0,0.0,0.0,0.0,0.0,0.0,0.022058823529411766,0.0,0.09558823529411764,0.0,0.0,0.10294117647058823,0.0,0.03676470588235294,0.0,0.029411764705882353,0.0,0.0,0.0,0.0,0.0,0.0,0.0,0.0,0.0,0.0
chant_215136,67,67,62,74,12,67,67,67,0.0,0.0,0.0,0.0,0.0,0.0,0.0,0.0,0.0,0.006024096385542169,0.0,0.012048192771084338,0.030120481927710843,0.0,0.27710843373493976,0.0,0.3072289156626506,0.0,0.08433734939759036,0.25301204819277107,0.0,0.030120481927710843,0.0,0.0,0.0,0.0,0.0,0.0,0.0,0.0,0.0,0.0,0.0,0.0,0.25301204819277107,0.0,0.03614457831325301,0.0,0.012048192771084338,0.030120481927710843,0.0,0.27710843373493976,0.0,0.3072289156626506,0.0,0.08433734939759036,0.0,0.0,0.0,0.0,0.0,0.0,0.0,0.0,0.0,0.0,0.0,0.0,0.0,0.0,0.12727272727272726,0.0,0.048484848484848485,0.0,0.0,0.07878787878787878,0.0,0.0,0.0,0.0,0.0,0.0,0.0,0.0,0.0,0.0,0.0,0.0,0.0,0.0
chant_218016,67,67,65,77,12,67,69,67,0.0,0.0,0.0,0.0,0.0,0.0,0.0,0.0,0.0,0.0,0.0,0.0,0.005988023952095809,0.0,0.12574850299401197,0.0,0.1497005988023952,0.0,0.17964071856287425,0.281437125748503,0.0,0.19161676646706588,0.0,0.059880239520958084,0.005988023952095809,0.0,0.0,0.0,0.0,0.0,0.0,0.0,0.0,0.0,0.281437125748503,0.0,0.19161676646706588,0.0,0.059880239520958084,0.011976047904191617,0.0,0.12574850299401197,0.0,0.1497005988023952,0.0,0.17964071856287425,0.0,0.0,0.0,0.0,0.0,0.0,0.0,0.0,0.0,0.0,0.0,0.0,0.0,0.0,0.030120481927710843,0.0,0.012048192771084338,0.0,0.018072289156626505,0.05421686746987952,0.0,0.060240963855421686,0.0,0.018072289156626505,0.0,0.0,0.0,0.0,0.0,0.0,0.0,0.0,0.0,0.0
chant_222113,67,67,65,81,16,67,69,67,0.0,0.0,0.0,0.0,0.0,0.0,0.0,0.0,0.0,0.0,0.0,0.0,0.02040816326530612,0.0,0.1564625850340136,0.0,0.17687074829931973,0.0,0.04081632653061224,0.19047619047619047,0.0,0.16326530612244897,0.0,0.12244897959183673,0.05442176870748299,0.0,0.05442176870748299,0.0,0.02040816326530612,0.0,0.0,0.0,0.0,0.0,0.19047619047619047,0.0,0.16326530612244897,0.0,0.12244897959183673,0.07482993197278912,0.0,0.2108843537414966,0.0,0.19727891156462585,0.0,0.04081632653061224,0.0,0.0,0.0,0.0,0.0,0.0,0.0,0.0,0.0,0.0,0.0,0.0,0.0,0.0,0.03424657534246575,0.0,0.0410958904109589,0.0,0.0,0.06164383561643835,0.0,0.0273972602739726,0.0,0.0136986301369863,0.02054794520547945,0.0,0.0,0.0,0.0,0.0,0.0,0.0,0.0,0.0
chant_229183,64,64,60,76,16,64,65,67,0.0,0.0,0.0,0.0,0.0,0.0,0.0,0.00684931506849315,0.0,0.0821917808219178,0.0,0.13013698630136986,0.1095890410958904,0.0,0.1643835616438356,0.0,0.1506849315068493,0.0,0.136986301369863,0.10273972602739725,0.0,0.07534246575342465,0.0,0.0410958904109589,0.0,0.0,0.0,0.0,0.0,0.0,0.0,0.0,0.0,0.0,0.1095890410958904,0.0,0.15753424657534246,0.0,0.17123287671232876,0.1095890410958904,0.0,0.1643835616438356,0.0,0.1506849315068493,0.0,0.136986301369863,0.0,0.0,0.0,0.0,0.0,0.0,0.0,0.0,0.0,0.006896551724137931,0.0,0.041379310344827586,0.006896551724137931,0.0,0.027586206896551724,0.0,0.0,0.0,0.027586206896551724,0.013793103448275862,0.0,0.006896551724137931,0.0,0.013793103448275862,0.0,0.0,0.0,0.0,0.0,0.0,0.0,0.0,0.0,0.0
chant_235810,62,67,60,74,14,62,62,65,0.0,0.0,0.0,0.0,0.0,0.0,0.0,0.007874015748031496,0.0,0.03937007874015748,0.0,0.023622047244094488,0.11023622047244094,0.0,0.2204724409448819,0.0,0.2677165354330709,0.0,0.08661417322834646,0.1968503937007874,0.0,0.047244094488188976,0.0,0.0,0.0,0.0,0.0,0.0,0.0,0.0,0.0,0.0,0.0,0.0,0.2047244094488189,0.0,0.08661417322834646,0.0,0.023622047244094488,0.11023622047244094,0.0,0.2204724409448819,0.0,0.2677165354330709,0.0,0.08661417322834646,0.0,0.0,0.0,0.0,0.0,0.0,0.0,0.0,0.0,0.007936507936507936,0.0,0.0,0.015873015873015872,0.0,0.05555555555555555,0.0,0.05555555555555555,0.0,0.0,0.031746031746031744,0.0,0.007936507936507936,0.0,0.0,0.0,0.0,0.0,0.0,0.0,0.0,0.0,0.0,0.0,0.0
chant_239371,62,67,62,74,12,62,65,67,0.0,0.0,0.0,0.0,0.0,0.0,0.0,0.0,0.0,0.007518796992481203,0.0,0.0,0.05263157894736842,0.0,0.3082706766917293,0.0,0.3458646616541353,0.0,0.09774436090225563,0.16541353383458646,0.0,0.022556390977443608,0.0,0.0,0.0,0.0,0.0,0.0,0.0,0.0,0.0,0.0,0.0,0.0,0.16541353383458646,0.0,0.03007518796992481,0.0,0.0,0.05263157894736842,0.0,0.3082706766917293,0.0,0.3458646616541353,0.0,0.09774436090225563,0.0,0.0,0.0,0.0,0.0,0.0,0.0,0.0,0.0,0.0,0.0,0.0,0.0,0.0,0.09090909090909091,0.0,0.06818181818181818,0.0,0.0,0.022727272727272728,0.0,0.0,0.0,0.0,0.0,0.0,0.0,0.0,0.0,0.0,0.0,0.0,0.0,0.0
chant_239543,65,65,65,76,11,65,69,72,0.0,0.0,0.0,0.0,0.0,0.0,0.0,0.0,0.0,0.0,0.0,0.0,0.08661417322834646,0.0,0.16535433070866143,0.0,0.2440944881889764,0.0,0.1889763779527559,0.2047244094488189,0.0,0.10236220472440945,0.0,0.007874015748031496,0.0,0.0,0.0,0.0,0.0,0.0,0.0,0.0,0.0,0.0,0.2047244094488189,0.0,0.10236220472440945,0.0,0.007874015748031496,0.08661417322834646,0.0,0.16535433070866143,0.0,0.2440944881889764,0.0,0.1889763779527559,0.0,0.0,0.0,0.0,0.0,0.0,0.0,0.0,0.0,0.0,0.0,0.0,0.015873015873015872,0.0,0.007936507936507936,0.0,0.007936507936507936,0.0,0.031746031746031744,0.023809523809523808,0.0,0.007936507936507936,0.0,0.0,0.0,0.0,0.0,0.0,0.0,0.0,0.0,0.0,0.0,0.0
chant_240413,57,62,55,69,14,57,55,57,0.0,0.0,0.01694915254237288,0.0,0.06779661016949153,0.0,0.01694915254237288,0.11864406779661017,0.0,0.23728813559322035,0.0,0.2033898305084746,0.23728813559322035,0.0,0.0847457627118644,0.0,0.01694915254237288,0.0,0.0,0.0,0.0,0.0,0.0,0.0,0.0,0.0,0.0,0.0,0.0,0.0,0.0,0.0,0.0,0.0,0.11864406779661017,0.0,0.23728813559322035,0.0,0.2033898305084746,0.23728813559322035,0.0,0.1016949152542373,0.0,0.0847457627118644,0.0,0.01694915254237288,0.0,0.0,0.0,0.0,0.017094017094017096,0.0,0.0,0.017094017094017096,0.0,0.017094017094017096,0.0,0.008547008547008548,0.05128205128205128,0.0,0.017094017094017096,0.0,0.0,0.0,0.0,0.0,0.0,0.0,0.0,0.0,0.0,0.0,0.0,0.0,0.0,0.0,0.0,0.0,0.0,0.0
chant_240898,60,62,60,72,12,60,62,65,0.0,0.0,0.0,0.0,0.0,0.0,0.0,0.06923076923076923,0.0,0.2,0.0,0.1,0.23076923076923078,0.0,0.23846153846153847,0.0,0.14615384615384616,0.0,0.0,0.015384615384615385,0.0,0.0,0.0,0.0,0.0,0.0,0.0,0.0,0.0,0.0,0.0,0.0,0.0,0.0,0.08461538461538462,0.0,0.2,0.0,0.1,0.23076923076923078,0.0,0.23846153846153847,0.0,0.14615384615384616,0.0,0.0,0.0,0.0,0.0,0.0,0.0,0.0,0.0,0.007751937984496124,0.0,0.08527131782945736,0.0,0.007751937984496124,0.031007751937984496,0.0,0.03875968992248062,0.0,0.031007751937984496,0.0,0.0,0.0,0.0,0.0,0.0,0.0,0.0,0.0,0.0,0.0,0.0,0.0,0.0,0.0,0.0,0.0
chant_245604,71,67,65,76,11,71,72,74,0.0,0.0,0.0,0.0,0.0,0.0,0.0,0.0,0.0,0.0,0.0,0.0,0.011627906976744186,0.0,0.12209302325581395,0.0,0.19767441860465115,0.0,0.18023255813953487,0.26744186046511625,0.0,0.1511627906976744,0.0,0.06976744186046512,0.0,0.0,0.0,0.0,0.0,0.0,0.0,0.0,0.0,0.0,0.26744186046511625,0.0,0.1511627906976744,0.0,0.06976744186046512,0.011627906976744186,0.0,0.12209302325581395,0.0,0.19767441860465115,0.0,0.18023255813953487,0.0,0.0,0.0,0.0,0.0,0.0,0.0,0.0,0.0,0.0,0.0,0.0,0.0,0.0,0.011695906432748537,0.0,0.023391812865497075,0.0,0.011695906432748537,0.07017543859649122,0.0,0.017543859649122806,0.0,0.017543859649122806,0.0,0.0,0.0,0.0,0.0,0.0,0.0,0.0,0.0,0.0
chant_246524,67,67,65,76,11,67,67,67,0.0,0.0,0.0,0.0,0.0,0.0,0.0,0.0,0.0,0.0,0.0,0.0,0.09615384615384616,0.0,0.28846153846153844,0.0,0.21153846153846154,0.0,0.057692307692307696,0.23076923076923078,0.0,0.07692307692307693,0.0,0.038461538461538464,0.0,0.0,0.0,0.0,0.0,0.0,0.0,0.0,0.0,0.0,0.23076923076923078,0.0,0.07692307692307693,0.0,0.038461538461538464,0.09615384615384616,0.0,0.28846153846153844,0.0,0.21153846153846154,0.0,0.057692307692307696,0.0,0.0,0.0,0.0,0.0,0.0,0.0,0.0,0.0,0.0,0.0,0.0,0.0196078431372549,0.0,0.1568627450980392,0.0,0.0,0.0,0.0,0.0392156862745098,0.0,0.0,0.0,0.0,0.0,0.0,0.0,0.0,0.0,0.0,0.0,0.0,0.0,0.0
chant_247499,62,67,60,74,14,62,65,67,0.0,0.0,0.0,0.0,0.0,0.0,0.0,0.015384615384615385,0.0,0.06153846153846154,0.0,0.046153846153846156,0.16153846153846155,0.0,0.2923076923076923,0.0,0.24615384615384617,0.0,0.03076923076923077,0.13076923076923078,0.0,0.015384615384615385,0.0,0.0,0.0,0.0,0.0,0.0,0.0,0.0,0.0,0.0,0.0,0.0,0.14615384615384616,0.0,0.07692307692307693,0.0,0.046153846153846156,0.16153846153846155,0.0,0.2923076923076923,0.0,0.24615384615384617,0.0,0.03076923076923077,0.0,0.0,0.0,0.0,0.0,0.0,0.0,0.0,0.0,0.007751937984496124,0.0,0.0,0.007751937984496124,0.0,0.06201550387596899,0.0,0.03875968992248062,0.0,0.0,0.031007751937984496,0.0,0.0,0.0,0.0,0.0,0.0,0.0,0.0,0.0,0.0,0.0,0.0,0.0,0.0
chant_247616,62,64,60,72,12,62,65,65,0.0,0.0,0.0,0.0,0.0,0.0,0.0,0.02127659574468085,0.0,0.06382978723404255,0.0,0.14893617021276595,0.1595744680851064,0.0,0.22340425531914893,0.0,0.24468085106382978,0.0,0.06382978723404255,0.07446808510638298,0.0,0.0,0.0,0.0,0.0,0.0,0.0,0.0,0.0,0.0,0.0,0.0,0.0,0.0,0.09574468085106383,0.0,0.06382978723404255,0.0,0.14893617021276595,0.1595744680851064,0.0,0.22340425531914893,0.0,0.24468085106382978,0.0,0.06382978723404255,0.0,0.0,0.0,0.0,0.0,0.0,0.0,0.0,0.0,0.010752688172043012,0.0,0.021505376344086023,0.03225806451612903,0.0,0.03225806451612903,0.0,0.043010752688172046,0.0,0.0,0.0,0.0,0.0,0.0,0.0,0.0,0.0,0.0,0.0,0.0,0.0,0.0,0.0,0.0,0.0
chant_247652,62,64,62,72,10,62,65,65,0.0,0.0,0.0,0.0,0.0,0.0,0.0,0.0,0.0,0.056818181818181816,0.0,0.14772727272727273,0.20454545454545456,0.0,0.29545454545454547,0.0,0.23863636363636365,0.011363636363636364,0.011363636363636364,0.03409090909090909,0.0,0.0,0.0,0.0,0.0,0.0,0.0,0.0,0.0,0.0,0.0,0.0,0.0,0.0,0.03409090909090909,0.0,0.056818181818181816,0.0,0.14772727272727273,0.20454545454545456,0.0,0.29545454545454547,0.0,0.23863636363636365,0.011363636363636364,0.011363636363636364,0.0,0.0,0.0,0.0,0.0,0.0,0.0,0.0,0.0,0.0,0.0,0.04597701149425287,0.06896551724137931,0.0,0.034482758620689655,0.0,0.04597701149425287,0.0,0.0,0.0,0.0,0.0,0.0,0.0,0.0,0.0,0.0,0.0,0.0,0.0,0.0,0.0,0.0,0.0
chant_249235,57,62,57,72,15,57,60,62,0.0,0.0,0.0,0.0,0.006493506493506494,0.0,0.0,0.045454545454545456,0.0,0.24675324675324675,0.0,0.2077922077922078,0.3116883116883117,0.0,0.13636363636363635,0.0,0.03896103896103896,0.0,0.0,0.006493506493506494,0.0,0.0,0.0,0.0,0.0,0.0,0.0,0.0,0.0,0.0,0.0,0.0,0.0,0.0,0.05194805194805195,0.0,0.24675324675324675,0.0,0.2077922077922078,0.3116883116883117,0.0,0.13636363636363635,0.0,0.045454545454545456,0.0,0.0,0.0,0.0,0.0,0.0,0.0,0.0,0.0,0.0,0.0,0.0718954248366013,0.0,0.006535947712418301,0.0457516339869281,0.0,0.0196078431372549,0.0,0.013071895424836602,0.0,0.0,0.0,0.0,0.0,0.0,0.0,0.0,0.0,0.0,0.0,0.0,0.0,0.0,0.0,0.0,0.0
chant_251550,72,64,62,77,15,72,72,71,0.0,0.0,0.0,0.0,0.0,0.0,0.0,0.0,0.0,0.041666666666666664,0.0,0.0625,0.06770833333333333,0.0,0.1875,0.0,0.19270833333333334,0.0,0.11979166666666667,0.19791666666666666,0.0,0.07291666666666667,0.0,0.046875,0.010416666666666666,0.0,0.0,0.0,0.0,0.0,0.0,0.0,0.0,0.0,0.19791666666666666,0.0,0.11458333333333333,0.0,0.109375,0.078125,0.0,0.1875,0.0,0.19270833333333334,0.0,0.11979166666666667,0.0,0.0,0.0,0.0,0.0,0.0,0.0,0.0,0.0,0.015706806282722512,0.0,0.015706806282722512,0.0,0.0,0.03664921465968586,0.0,0.03664921465968586,0.0,0.031413612565445025,0.041884816753926704,0.0,0.005235602094240838,0.0,0.010471204188481676,0.0,0.0,0.0,0.0,0.0,0.0,0.0,0.0,0.0,0.0
chant_258702,65,67,60,74,14,65,67,69,0.0,0.0,0.0,0.0,0.0,0.0,0.0,0.012987012987012988,0.0,0.025974025974025976,0.0,0.032467532467532464,0.1038961038961039,0.0,0.3051948051948052,0.0,0.2662337662337662,0.0,0.1038961038961039,0.11688311688311688,0.0,0.032467532467532464,0.0,0.0,0.0,0.0,0.0,0.0,0.0,0.0,0.0,0.0,0.0,0.0,0.12987012987012986,0.0,0.05844155844155844,0.0,0.032467532467532464,0.1038961038961039,0.0,0.3051948051948052,0.0,0.2662337662337662,0.0,0.1038961038961039,0.0,0.0,0.0,0.0,0.0,0.0,0.0,0.0,0.0,0.006535947712418301,0.0,0.0,0.006535947712418301,0.0,0.10457516339869281,0.0,0.032679738562091505,0.0,0.0,0.013071895424836602,0.0,0.006535947712418301,0.0,0.0,0.0,0.0,0.0,0.0,0.0,0.0,0.0,0.0,0.0,0.0
chant_261267,67,67,65,79,14,67,67,74,0.0,0.0,0.0,0.0,0.0,0.0,0.0,0.0,0.0,0.0,0.0,0.0,0.030120481927710843,0.0,0.1746987951807229,0.0,0.1686746987951807,0.0,0.10843373493975904,0.13253012048192772,0.0,0.26506024096385544,0.0,0.0783132530120482,0.03614457831325301,0.0,0.006024096385542169,0.0,0.0,0.0,0.0,0.0,0.0,0.0,0.13253012048192772,0.0,0.26506024096385544,0.0,0.0783132530120482,0.06626506024096386,0.0,0.18072289156626506,0.0,0.1686746987951807,0.0,0.10843373493975904,0.0,0.0,0.0,0.0,0.0,0.0,0.0,0.0,0.0,0.0,0.0,0.0,0.0,0.0,0.048484848484848485,0.0,0.01818181818181818,0.0,0.006060606060606061,0.0,0.0,0.10909090909090909,0.0,0.012121212121212121,0.0,0.0,0.0,0.0,0.0,0.0,0.0,0.0,0.0,0.0
chant_262577,62,62,60,71,11,62,62,62,0.0,0.0,0.0,0.0,0.0,0.0,0.0,0.05527638190954774,0.0,0.18592964824120603,0.0,0.10050251256281408,0.2562814070351759,0.0,0.23618090452261306,0.0,0.1507537688442211,0.0,0.01507537688442211,0.0,0.0,0.0,0.0,0.0,0.0,0.0,0.0,0.0,0.0,0.0,0.0,0.0,0.0,0.0,0.05527638190954774,0.0,0.18592964824120603,0.0,0.10050251256281408,0.2562814070351759,0.0,0.23618090452261306,0.0,0.1507537688442211,0.0,0.01507537688442211,0.0,0.0,0.0,0.0,0.0,0.0,0.0,0.005050505050505051,0.0,0.045454545454545456,0.0,0.005050505050505051,0.04040404040404041,0.0,0.045454545454545456,0.0,0.04040404040404041,0.0,0.0,0.0,0.0,0.0,0.0,0.0,0.0,0.0,0.0,0.0,0.0,0.0,0.0,0.0,0.0,0.0
chant_263477,67,67,65,79,14,67,69,67,0.0,0.0,0.0,0.0,0.0,0.0,0.0,0.0,0.0,0.0,0.0,0.0,0.015306122448979591,0.0,0.14285714285714285,0.0,0.17346938775510204,0.0,0.10204081632653061,0.25510204081632654,0.0,0.16326530612244897,0.0,0.08673469387755102,0.04591836734693878,0.0,0.015306122448979591,0.0,0.0,0.0,0.0,0.0,0.0,0.0,0.25510204081632654,0.0,0.16326530612244897,0.0,0.08673469387755102,0.061224489795918366,0.0,0.15816326530612246,0.0,0.17346938775510204,0.0,0.10204081632653061,0.0,0.0,0.0,0.0,0.0,0.0,0.0,0.0,0.0,0.0,0.0,0.0,0.005128205128205128,0.0,0.05641025641025641,0.0,0.015384615384615385,0.0,0.0,0.07692307692307693,0.0,0.05128205128205128,0.0,0.0,0.0,0.0,0.005128205128205128,0.0,0.0,0.0,0.0,0.0,0.0,0.0
chant_265891,72,72,67,77,10,72,72,72,0.0,0.0,0.0,0.0,0.0,0.0,0.0,0.0,0.0,0.0,0.0,0.0,0.0,0.0,0.05357142857142857,0.0,0.08035714285714286,0.0625,0.05357142857142857,0.35714285714285715,0.0,0.26785714285714285,0.0,0.10714285714285714,0.017857142857142856,0.0,0.0,0.0,0.0,0.0,0.0,0.0,0.0,0.0,0.35714285714285715,0.0,0.26785714285714285,0.0,0.10714285714285714,0.017857142857142856,0.0,0.05357142857142857,0.0,0.08035714285714286,0.0625,0.05357142857142857,0.0,0.0,0.0,0.0,0.0,0.0,0.0,0.0,0.0,0.0,0.0,0.0,0.0,0.0,0.0,0.0,0.018018018018018018,0.018018018018018018,0.0,0.13513513513513514,0.0,0.036036036036036036,0.0,0.009009009009009009,0.0,0.0,0.0,0.0,0.0,0.0,0.0,0.0,0.0,0.0
chant_275203,67,67,60,76,16,67,69,65,0.0,0.0,0.0,0.0,0.0,0.0,0.0,0.008620689655172414,0.0,0.02586206896551724,0.0,0.008620689655172414,0.1206896551724138,0.0,0.3017241379310345,0.0,0.19827586206896552,0.0,0.09482758620689655,0.1810344827586207,0.0,0.04310344827586207,0.0,0.017241379310344827,0.0,0.0,0.0,0.0,0.0,0.0,0.0,0.0,0.0,0.0,0.1896551724137931,0.0,0.06896551724137931,0.0,0.02586206896551724,0.1206896551724138,0.0,0.3017241379310345,0.0,0.19827586206896552,0.0,0.09482758620689655,0.0,0.0,0.0,0.0,0.0,0.0,0.0,0.0,0.0,0.0,0.0,0.0,0.008695652173913044,0.0,0.09565217391304348,0.0,0.008695652173913044,0.0,0.0,0.05217391304347826,0.0,0.0,0.0,0.0,0.0,0.0,0.0,0.0,0.0,0.0,0.0,0.0,0.0,0.0
chant_282781,62,62,57,70,13,62,60,57,0.0,0.0,0.0,0.0,0.015873015873015872,0.0,0.0,0.11904761904761904,0.0,0.30158730158730157,0.0,0.11904761904761904,0.23809523809523808,0.0,0.12698412698412698,0.0,0.07142857142857142,0.007936507936507936,0.0,0.0,0.0,0.0,0.0,0.0,0.0,0.0,0.0,0.0,0.0,0.0,0.0,0.0,0.0,0.0,0.11904761904761904,0.0,0.30158730158730157,0.0,0.11904761904761904,0.23809523809523808,0.0,0.12698412698412698,0.0,0.0873015873015873,0.007936507936507936,0.0,0.0,0.0,0.0,0.0,0.0,0.0,0.0,0.0,0.0,0.104,0.0,0.0,0.04,0.0,0.016,0.0,0.024,0.0,0.0,0.0,0.0,0.0,0.0,0.0,0.0,0.0,0.0,0.0,0.0,0.0,0.0,0.0,0.0,0.0
chant_287480,57,62,57,67,10,57,60,62,0.0,0.0,0.0,0.0,0.024793388429752067,0.0,0.01652892561983471,0.08264462809917356,0.0,0.2975206611570248,0.0,0.19008264462809918,0.33884297520661155,0.0,0.049586776859504134,0.0,0.0,0.0,0.0,0.0,0.0,0.0,0.0,0.0,0.0,0.0,0.0,0.0,0.0,0.0,0.0,0.0,0.0,0.0,0.08264462809917356,0.0,0.2975206611570248,0.0,0.19008264462809918,0.33884297520661155,0.0,0.049586776859504134,0.0,0.024793388429752067,0.0,0.01652892561983471,0.0,0.0,0.0,0.0,0.0,0.0,0.0,0.008333333333333333,0.0,0.06666666666666667,0.0,0.0,0.06666666666666667,0.0,0.0,0.0,0.0,0.0,0.0,0.0,0.0,0.0,0.0,0.0,0.0,0.0,0.0,0.0,0.0,0.0,0.0,0.0,0.0,0.0
chant_289100,57,62,57,69,12,57,60,62,0.0,0.0,0.0,0.0,0.012738853503184714,0.0,0.0,0.07643312101910828,0.0,0.22929936305732485,0.0,0.18471337579617833,0.29936305732484075,0.0,0.1464968152866242,0.0,0.050955414012738856,0.0,0.0,0.0,0.0,0.0,0.0,0.0,0.0,0.0,0.0,0.0,0.0,0.0,0.0,0.0,0.0,0.0,0.07643312101910828,0.0,0.22929936305732485,0.0,0.18471337579617833,0.29936305732484075,0.0,0.1464968152866242,0.0,0.06369426751592357,0.0,0.0,0.0,0.0,0.0,0.0,0.0,0.0,0.0,0.00641025641025641,0.0,0.0641025641025641,0.0,0.00641025641025641,0.057692307692307696,0.0,0.019230769230769232,0.0,0.01282051282051282,0.0,0.0,0.0,0.0,0.0,0.0,0.0,0.0,0.0,0.0,0.0,0.0,0.0,0.0,0.0,0.0,0.0
chant_289153,62,62,60,69,9,62,65,65,0.0,0.0,0.0,0.0,0.0,0.0,0.0,0.046052631578947366,0.0,0.26973684210526316,0.0,0.17763157894736842,0.35526315789473684,0.0,0.13157894736842105,0.0,0.019736842105263157,0.0,0.0,0.0,0.0,0.0,0.0,0.0,0.0,0.0,0.0,0.0,0.0,0.0,0.0,0.0,0.0,0.0,0.046052631578947366,0.0,0.26973684210526316,0.0,0.17763157894736842,0.35526315789473684,0.0,0.13157894736842105,0.0,0.019736842105263157,0.0,0.0,0.0,0.0,0.0,0.0,0.0,0.0,0.0,0.006622516556291391,0.0,0.08609271523178808,0.0,0.0,0.09933774834437085,0.0,0.033112582781456956,0.0,0.0,0.0,0.0,0.0,0.0,0.0,0.0,0.0,0.0,0.0,0.0,0.0,0.0,0.0,0.0,0.0,0.0,0.0
chant_293307,67,64,64,74,10,67,67,69,0.0,0.0,0.0,0.0,0.0,0.0,0.0,0.0,0.0,0.0,0.0,0.0625,0.14285714285714285,0.0,0.25,0.0,0.24107142857142858,0.017857142857142856,0.07142857142857142,0.17857142857142858,0.0,0.03571428571428571,0.0,0.0,0.0,0.0,0.0,0.0,0.0,0.0,0.0,0.0,0.0,0.0,0.17857142857142858,0.0,0.03571428571428571,0.0,0.0625,0.14285714285714285,0.0,0.25,0.0,0.24107142857142858,0.017857142857142856,0.07142857142857142,0.0,0.0,0.0,0.0,0.0,0.0,0.0,0.0,0.0,0.0,0.0,0.0,0.05405405405405406,0.0,0.07207207207207207,0.0,0.06306306306306306,0.0,0.009009009009009009,0.08108108108108109,0.0,0.009009009009009009,0.0,0.0,0.0,0.0,0.0,0.0,0.0,0.0,0.0,0.0,0.0,0.0
chant_302185,65,67,65,81,16,65,67,67,0.0,0.0,0.0,0.0,0.0,0.0,0.0,0.0,0.0,0.0,0.0,0.0,0.047337278106508875,0.0,0.14792899408284024,0.0,0.23076923076923078,0.0,0.05917159763313609,0.22485207100591717,0.0,0.1301775147928994,0.0,0.05325443786982249,0.05325443786982249,0.0,0.03550295857988166,0.0,0.01775147928994083,0.0,0.0,0.0,0.0,0.0,0.22485207100591717,0.0,0.1301775147928994,0.0,0.05325443786982249,0.10059171597633136,0.0,0.1834319526627219,0.0,0.2485207100591716,0.0,0.05917159763313609,0.0,0.0,0.0,0.0,0.0,0.0,0.0,0.0,0.0,0.0,0.0,0.0,0.011904761904761904,0.0,0.03571428571428571,0.0,0.07142857142857142,0.0,0.0,0.08333333333333333,0.0,0.03571428571428571,0.0,0.005952380952380952,0.017857142857142856,0.0,0.005952380952380952,0.0,0.0,0.0,0.0,0.0,0.0,0.0
chant_307542,65,67,65,74,9,65,67,69,0.0,0.0,0.0,0.0,0.0,0.0,0.0,0.0,0.0,0.0,0.0,0.0,0.06944444444444445,0.0,0.3263888888888889,0.0,0.3402777777777778,0.0,0.1111111111111111,0.11805555555555555,0.0,0.034722222222222224,0.0,0.0,0.0,0.0,0.0,0.0,0.0,0.0,0.0,0.0,0.0,0.0,0.11805555555555555,0.0,0.034722222222222224,0.0,0.0,0.06944444444444445,0.0,0.3263888888888889,0.0,0.3402777777777778,0.0,0.1111111111111111,0.0,0.0,0.0,0.0,0.0,0.0,0.0,0.0,0.0,0.0,0.0,0.0,0.0,0.0,0.0979020979020979,0.0,0.04195804195804196,0.0,0.0,0.02097902097902098,0.0,0.006993006993006993,0.0,0.0,0.0,0.0,0.0,0.0,0.0,0.0,0.0,0.0,0.0,0.0
chant_310255,67,67,60,72,12,67,67,65,0.0,0.0,0.0,0.0,0.0,0.0,0.0,0.011363636363636364,0.0,0.045454545454545456,0.0,0.056818181818181816,0.2159090909090909,0.0,0.3068181818181818,0.0,0.2727272727272727,0.045454545454545456,0.011363636363636364,0.03409090909090909,0.0,0.0,0.0,0.0,0.0,0.0,0.0,0.0,0.0,0.0,0.0,0.0,0.0,0.0,0.045454545454545456,0.0,0.045454545454545456,0.0,0.056818181818181816,0.2159090909090909,0.0,0.3068181818181818,0.0,0.2727272727272727,0.045454545454545456,0.011363636363636364,0.0,0.0,0.0,0.0,0.0,0.0,0.0,0.0,0.0,0.0,0.0,0.0,0.022988505747126436,0.0,0.04597701149425287,0.0,0.06896551724137931,0.0,0.0,0.0,0.0,0.0,0.0,0.0,0.0,0.0,0.0,0.0,0.0,0.0,0.0,0.0,0.0,0.0
chant_310365,60,62,60,71,11,60,62,62,0.0,0.0,0.0,0.0,0.0,0.0,0.0,0.075,0.0,0.2,0.0,0.15,0.15833333333333333,0.0,0.20833333333333334,0.0,0.15833333333333333,0.0,0.05,0.0,0.0,0.0,0.0,0.0,0.0,0.0,0.0,0.0,0.0,0.0,0.0,0.0,0.0,0.0,0.075,0.0,0.2,0.0,0.15,0.15833333333333333,0.0,0.20833333333333334,0.0,0.15833333333333333,0.0,0.05,0.0,0.0,0.0,0.0,0.0,0.0,0.0,0.008403361344537815,0.0,0.06722689075630252,0.0,0.0,0.01680672268907563,0.0,0.025210084033613446,0.0,0.025210084033613446,0.0,0.0,0.0,0.0,0.0,0.0,0.0,0.0,0.0,0.0,0.0,0.0,0.0,0.0,0.0,0.0,0.0
chant_315285,59,62,59,67,8,59,59,60,0.0,0.0,0.0,0.0,0.0,0.0,0.024096385542168676,0.04819277108433735,0.0,0.3253012048192771,0.0,0.26506024096385544,0.27710843373493976,0.0,0.060240963855421686,0.0,0.0,0.0,0.0,0.0,0.0,0.0,0.0,0.0,0.0,0.0,0.0,0.0,0.0,0.0,0.0,0.0,0.0,0.0,0.04819277108433735,0.0,0.3253012048192771,0.0,0.26506024096385544,0.27710843373493976,0.0,0.060240963855421686,0.0,0.0,0.0,0.024096385542168676,0.0,0.0,0.0,0.0,0.0,0.0,0.012195121951219513,0.0,0.0,0.10975609756097561,0.0,0.036585365853658534,0.08536585365853659,0.0,0.0,0.0,0.0,0.0,0.0,0.0,0.0,0.0,0.0,0.0,0.0,0.0,0.0,0.0,0.0,0.0,0.0,0.0,0.0,0.0
chant_315815,67,67,65,81,16,67,69,67,0.0,0.0,0.0,0.0,0.0,0.0,0.0,0.0,0.0,0.0,0.0,0.0,0.01568627450980392,0.0,0.1450980392156863,0.0,0.17254901960784313,0.0,0.14901960784313725,0.21176470588235294,0.0,0.1803921568627451,0.0,0.07450980392156863,0.0392156862745098,0.0,0.00784313725490196,0.0,0.00392156862745098,0.0,0.0,0.0,0.0,0.0,0.21176470588235294,0.0,0.1803921568627451,0.0,0.07450980392156863,0.054901960784313725,0.0,0.15294117647058825,0.0,0.17647058823529413,0.0,0.14901960784313725,0.0,0.0,0.0,0.0,0.0,0.0,0.0,0.0,0.0,0.0,0.0,0.0,0.0,0.0,0.03543307086614173,0.0,0.01968503937007874,0.0,0.007874015748031496,0.05905511811023622,0.0,0.05905511811023622,0.0,0.0,0.0,0.0,0.003937007874015748,0.0,0.0,0.0,0.0,0.0,0.0,0.0
chant_321126,62,67,60,74,14,62,67,65,0.0,0.0,0.0,0.0,0.0,0.0,0.0,0.006211180124223602,0.0,0.031055900621118012,0.0,0.037267080745341616,0.09316770186335403,0.0,0.30434782608695654,0.0,0.2795031055900621,0.0,0.11801242236024845,0.11801242236024845,0.0,0.012422360248447204,0.0,0.0,0.0,0.0,0.0,0.0,0.0,0.0,0.0,0.0,0.0,0.0,0.12422360248447205,0.0,0.043478260869565216,0.0,0.037267080745341616,0.09316770186335403,0.0,0.30434782608695654,0.0,0.2795031055900621,0.0,0.11801242236024845,0.0,0.0,0.0,0.0,0.0,0.0,0.0,0.0,0.0,0.00625,0.0,0.0,0.0125,0.0,0.09375,0.0,0.0375,0.0,0.0,0.0375,0.0,0.0,0.0,0.0,0.0,0.0,0.0,0.0,0.0,0.0,0.0,0.0,0.0,0.0
chant_327975,62,64,59,74,15,62,65,62,0.0,0.0,0.0,0.0,0.0,0.0,0.007352941176470588,0.029411764705882353,0.0,0.17647058823529413,0.0,0.18382352941176472,0.2867647058823529,0.0,0.11764705882352941,0.0,0.09558823529411764,0.0,0.029411764705882353,0.0661764705882353,0.0,0.007352941176470588,0.0,0.0,0.0,0.0,0.0,0.0,0.0,0.0,0.0,0.0,0.0,0.0,0.09558823529411764,0.0,0.18382352941176472,0.0,0.18382352941176472,0.2867647058823529,0.0,0.11764705882352941,0.0,0.09558823529411764,0.0,0.03676470588235294,0.0,0.0,0.0,0.0,0.0,0.0,0.0,0.0,0.0,0.007407407407407408,0.0,0.037037037037037035,0.06666666666666667,0.0,0.0,0.0,0.0,0.0,0.007407407407407408,0.022222222222222223,0.0,0.0,0.0,0.0,0.0,0.0,0.0,0.0,0.0,0.0,0.0,0.0,0.0,0.0
chant_328140,60,62,60,72,12,60,62,62,0.0,0.0,0.0,0.0,0.0,0.0,0.0,0.009852216748768473,0.0,0.10837438423645321,0.0,0.14285714285714285,0.2512315270935961,0.0,0.21182266009852216,0.0,0.20689655172413793,0.0,0.04926108374384237,0.019704433497536946,0.0,0.0,0.0,0.0,0.0,0.0,0.0,0.0,0.0,0.0,0.0,0.0,0.0,0.0,0.029556650246305417,0.0,0.10837438423645321,0.0,0.14285714285714285,0.2512315270935961,0.0,0.21182266009852216,0.0,0.20689655172413793,0.0,0.04926108374384237,0.0,0.0,0.0,0.0,0.0,0.0,0.0,0.0,0.0,0.04950495049504951,0.0,0.0,0.054455445544554455,0.0,0.019801980198019802,0.0,0.039603960396039604,0.0,0.009900990099009901,0.0,0.0,0.0,0.0,0.0,0.0,0.0,0.0,0.0,0.0,0.0,0.0,0.0,0.0,0.0
chant_334295,65,64,60,72,12,65,65,65,0.0,0.0,0.0,0.0,0.0,0.0,0.0,0.016666666666666666,0.0,0.10833333333333334,0.0,0.20833333333333334,0.325,0.0,0.175,0.0,0.14166666666666666,0.016666666666666666,0.0,0.008333333333333333,0.0,0.0,0.0,0.0,0.0,0.0,0.0,0.0,0.0,0.0,0.0,0.0,0.0,0.0,0.025,0.0,0.10833333333333334,0.0,0.20833333333333334,0.325,0.0,0.175,0.0,0.14166666666666666,0.016666666666666666,0.0,0.0,0.0,0.0,0.0,0.0,0.0,0.0,0.0,0.0,0.008403361344537815,0.0,0.03361344537815126,0.1092436974789916,0.0,0.03361344537815126,0.0,0.05042016806722689,0.0,0.0,0.0,0.0,0.0,0.0,0.0,0.0,0.0,0.0,0.0,0.0,0.0,0.0,0.0,0.0,0.0
chant_335339,64,64,62,76,14,64,69,67,0.0,0.0,0.0,0.0,0.0,0.0,0.0,0.0,0.0,0.019867549668874173,0.0,0.0728476821192053,0.026490066225165563,0.0,0.10596026490066225,0.0,0.17880794701986755,0.0,0.2119205298013245,0.1986754966887417,0.0,0.13245033112582782,0.0,0.052980132450331126,0.0,0.0,0.0,0.0,0.0,0.0,0.0,0.0,0.0,0.0,0.1986754966887417,0.0,0.152317880794702,0.0,0.12582781456953643,0.026490066225165563,0.0,0.10596026490066225,0.0,0.17880794701986755,0.0,0.2119205298013245,0.0,0.0,0.0,0.0,0.0,0.0,0.0,0.0,0.0,0.0,0.0,0.02,0.0,0.0,0.006666666666666667,0.0,0.0,0.0,0.03333333333333333,0.0,0.0,0.006666666666666667,0.0,0.0,0.0,0.0,0.0,0.0,0.0,0.0,0.0,0.0,0.0,0.0
chant_343973,65,62,60,74,14,65,64,64,0.0,0.0,0.0,0.0,0.0,0.0,0.0,0.02040816326530612,0.0,0.14965986394557823,0.0,0.21768707482993196,0.2789115646258503,0.0,0.19727891156462585,0.0,0.08843537414965986,0.0,0.013605442176870748,0.027210884353741496,0.0,0.006802721088435374,0.0,0.0,0.0,0.0,0.0,0.0,0.0,0.0,0.0,0.0,0.0,0.0,0.047619047619047616,0.0,0.1564625850340136,0.0,0.21768707482993196,0.2789115646258503,0.0,0.19727891156462585,0.0,0.08843537414965986,0.0,0.013605442176870748,0.0,0.0,0.0,0.0,0.0,0.0,0.0,0.0,0.0,0.0410958904109589,0.0,0.02054794520547945,0.0410958904109589,0.0,0.0410958904109589,0.0,0.0136986301369863,0.0,0.0,0.0,0.0,0.0,0.0,0.0,0.0,0.0,0.0,0.0,0.0,0.0,0.0,0.0,0.0,0.0
chant_345382,67,67,67,81,14,67,69,67,0.0,0.0,0.0,0.0,0.0,0.0,0.0,0.0,0.0,0.0,0.0,0.0,0.0,0.0,0.15053763440860216,0.0,0.17204301075268819,0.0,0.12903225806451613,0.1935483870967742,0.0,0.20430107526881722,0.0,0.06451612903225806,0.053763440860215055,0.0,0.021505376344086023,0.0,0.010752688172043012,0.0,0.0,0.0,0.0,0.0,0.1935483870967742,0.0,0.20430107526881722,0.0,0.06451612903225806,0.053763440860215055,0.0,0.17204301075268819,0.0,0.1827956989247312,0.0,0.12903225806451613,0.0,0.0,0.0,0.0,0.0,0.0,0.0,0.0,0.0,0.0,0.0,0.0,0.0,0.0,0.05434782608695652,0.0,0.021739130434782608,0.0,0.0,0.043478260869565216,0.0,0.06521739130434782,0.0,0.0,0.0,0.0,0.010869565217391304,0.0,0.0,0.0,0.0,0.0,0.0,0.0
chant_345537,62,64,62,72,10,62,67,64,0.0,0.0,0.0,0.0,0.0,0.0,0.0,0.0,0.0,0.029850746268656716,0.0,0.07462686567164178,0.11940298507462686,0.0,0.3283582089552239,0.0,0.31343283582089554,0.0,0.029850746268656716,0.1044776119402985,0.0,0.0,0.0,0.0,0.0,0.0,0.0,0.0,0.0,0.0,0.0,0.0,0.0,0.0,0.1044776119402985,0.0,0.029850746268656716,0.0,0.07462686567164178,0.11940298507462686,0.0,0.3283582089552239,0.0,0.31343283582089554,0.0,0.029850746268656716,0.0,0.0,0.0,0.0,0.0,0.0,0.0,0.0,0.0,0.0,0.0,0.0,0.045454545454545456,0.0,0.06060606060606061,0.0,0.10606060606060606,0.0,0.0,0.030303030303030304,0.0,0.0,0.0,0.0,0.0,0.0,0.0,0.0,0.0,0.0,0.0,0.0,0.0,0.0
chant_353234,64,60,60,74,14,64,60,64,0.0,0.0,0.0,0.0,0.0,0.0,0.0,0.053763440860215055,0.0,0.08602150537634409,0.0,0.13978494623655913,0.03225806451612903,0.0,0.2903225806451613,0.0,0.15053763440860216,0.043010752688172046,0.08602150537634409,0.0967741935483871,0.0,0.021505376344086023,0.0,0.0,0.0,0.0,0.0,0.0,0.0,0.0,0.0,0.0,0.0,0.0,0.15053763440860216,0.0,0.10752688172043011,0.0,0.13978494623655913,0.03225806451612903,0.0,0.2903225806451613,0.0,0.15053763440860216,0.043010752688172046,0.08602150537634409,0.0,0.0,0.0,0.0,0.0,0.0,0.0,0.0,0.0,0.010869565217391304,0.0,0.0,0.0,0.0,0.15217391304347827,0.0,0.0,0.0,0.010869565217391304,0.021739130434782608,0.0,0.010869565217391304,0.0,0.0,0.0,0.0,0.0,0.0,0.0,0.0,0.0,0.0,0.0,0.0
chant_356677,69,62,60,72,12,69,69,67,0.0,0.0,0.0,0.0,0.0,0.0,0.0,0.04424778761061947,0.0,0.12389380530973451,0.0,0.0752212389380531,0.24778761061946902,0.0,0.1902654867256637,0.0,0.18141592920353983,0.061946902654867256,0.01327433628318584,0.061946902654867256,0.0,0.0,0.0,0.0,0.0,0.0,0.0,0.0,0.0,0.0,0.0,0.0,0.0,0.0,0.10619469026548672,0.0,0.12389380530973451,0.0,0.0752212389380531,0.24778761061946902,0.0,0.1902654867256637,0.0,0.18141592920353983,0.061946902654867256,0.01327433628318584,0.0,0.0,0.0,0.0,0.0,0.0,0.0,0.008888888888888889,0.0,0.044444444444444446,0.0,0.013333333333333334,0.08444444444444445,0.0,0.02666666666666667,0.0,0.04,0.022222222222222223,0.0,0.03111111111111111,0.0,0.0,0.0,0.0,0.0,0.0,0.0,0.0,0.0,0.0,0.0,0.0,0.0,0.0
chant_358769,69,62,62,77,15,69,69,69,0.0,0.0,0.0,0.0,0.0,0.0,0.0,0.0,0.0,0.050955414012738856,0.0,0.08917197452229299,0.19745222929936307,0.0,0.19745222929936307,0.0,0.25477707006369427,0.0,0.050955414012738856,0.10191082802547771,0.0,0.03184713375796178,0.0,0.006369426751592357,0.01910828025477707,0.0,0.0,0.0,0.0,0.0,0.0,0.0,0.0,0.0,0.10191082802547771,0.0,0.08280254777070063,0.0,0.09554140127388536,0.21656050955414013,0.0,0.19745222929936307,0.0,0.25477707006369427,0.0,0.050955414012738856,0.0,0.0,0.0,0.0,0.0,0.0,0.0,0.0,0.0,0.00641025641025641,0.0,0.00641025641025641,0.03205128205128205,0.0,0.01282051282051282,0.0,0.09615384615384616,0.0,0.00641025641025641,0.03205128205128205,0.0,0.0,0.0,0.0,0.01282051282051282,0.0,0.0,0.0,0.0,0.0,0.0,0.0,0.0,0.0
chant_359700,62,62,59,69,10,62,62,59,0.0,0.0,0.0,0.0,0.0,0.0,0.011627906976744186,0.046511627906976744,0.0,0.3488372093023256,0.0,0.20930232558139536,0.29069767441860467,0.0,0.06976744186046512,0.0,0.023255813953488372,0.0,0.0,0.0,0.0,0.0,0.0,0.0,0.0,0.0,0.0,0.0,0.0,0.0,0.0,0.0,0.0,0.0,0.046511627906976744,0.0,0.3488372093023256,0.0,0.20930232558139536,0.29069767441860467,0.0,0.06976744186046512,0.0,0.023255813953488372,0.0,0.011627906976744186,0.0,0.0,0.0,0.0,0.0,0.0,0.0,0.0,0.0,0.11764705882352941,0.0,0.0,0.047058823529411764,0.0,0.011764705882352941,0.0,0.011764705882352941,0.0,0.0,0.0,0.0,0.0,0.0,0.0,0.0,0.0,0.0,0.0,0.0,0.0,0.0,0.0,0.0,0.0
chant_361180,65,64,62,76,14,65,65,64,0.0,0.0,0.0,0.0,0.0,0.0,0.0,0.0,0.0,0.05583756345177665,0.0,0.09137055837563451,0.10152284263959391,0.0,0.2436548223350254,0.0,0.17766497461928935,0.0,0.09137055837563451,0.17258883248730963,0.0,0.05583756345177665,0.0,0.01015228426395939,0.0,0.0,0.0,0.0,0.0,0.0,0.0,0.0,0.0,0.0,0.17258883248730963,0.0,0.1116751269035533,0.0,0.10152284263959391,0.10152284263959391,0.0,0.2436548223350254,0.0,0.17766497461928935,0.0,0.09137055837563451,0.0,0.0,0.0,0.0,0.0,0.0,0.0,0.0,0.0,0.0,0.0,0.015306122448979591,0.015306122448979591,0.0,0.0663265306122449,0.0,0.01020408163265306,0.0,0.00510204081632653,0.03571428571428571,0.0,0.01020408163265306,0.0,0.0,0.0,0.0,0.0,0.0,0.0,0.0,0.0,0.0,0.0,0.0
chant_369587,67,64,60,72,12,67,69,71,0.0,0.0,0.0,0.0,0.0,0.0,0.0,0.011494252873563218,0.0,0.06896551724137931,0.0,0.09195402298850575,0.26436781609195403,0.0,0.22988505747126436,0.0,0.13793103448275862,0.0,0.04597701149425287,0.14942528735632185,0.0,0.0,0.0,0.0,0.0,0.0,0.0,0.0,0.0,0.0,0.0,0.0,0.0,0.0,0.16091954022988506,0.0,0.06896551724137931,0.0,0.09195402298850575,0.26436781609195403,0.0,0.22988505747126436,0.0,0.13793103448275862,0.0,0.04597701149425287,0.0,0.0,0.0,0.0,0.0,0.0,0.0,0.0,0.0,0.011627906976744186,0.0,0.0,0.09302325581395349,0.0,0.046511627906976744,0.0,0.03488372093023256,0.0,0.0,0.08139534883720931,0.0,0.0,0.0,0.0,0.0,0.0,0.0,0.0,0.0,0.0,0.0,0.0,0.0,0.0
chant_370885,62,65,62,70,8,62,65,67,0.0,0.0,0.0,0.0,0.0,0.0,0.0,0.0,0.0,0.08,0.0,0.0,0.32,0.0,0.28,0.0,0.28,0.04,0.0,0.0,0.0,0.0,0.0,0.0,0.0,0.0,0.0,0.0,0.0,0.0,0.0,0.0,0.0,0.0,0.0,0.0,0.08,0.0,0.0,0.32,0.0,0.28,0.0,0.28,0.04,0.0,0.0,0.0,0.0,0.0,0.0,0.0,0.0,0.0,0.0,0.0,0.0,0.0,0.08333333333333333,0.0,0.0,0.0,0.08333333333333333,0.0,0.0,0.0,0.0,0.0,0.0,0.0,0.0,0.0,0.0,0.0,0.0,0.0,0.0,0.0,0.0,0.0
chant_372550,64,62,57,69,12,64,65,67,0.0,0.0,0.0,0.0,0.00684931506849315,0.0,0.0,0.0547945205479452,0.0,0.2876712328767123,0.0,0.22602739726027396,0.2602739726027397,0.0,0.13013698630136986,0.0,0.03424657534246575,0.0,0.0,0.0,0.0,0.0,0.0,0.0,0.0,0.0,0.0,0.0,0.0,0.0,0.0,0.0,0.0,0.0,0.0547945205479452,0.0,0.2876712328767123,0.0,0.22602739726027396,0.2602739726027397,0.0,0.13013698630136986,0.0,0.0410958904109589,0.0,0.0,0.0,0.0,0.0,0.0,0.0,0.0,0.0,0.0,0.0,0.06896551724137931,0.0,0.027586206896551724,0.034482758620689655,0.0,0.020689655172413793,0.0,0.020689655172413793,0.0,0.0,0.0,0.0,0.0,0.0,0.0,0.0,0.0,0.0,0.0,0.0,0.0,0.0,0.0,0.0,0.0
chant_372811,72,67,65,76,11,72,71,72,0.0,0.0,0.0,0.0,0.0,0.0,0.0,0.0,0.0,0.0,0.0,0.0,0.007633587786259542,0.0,0.1297709923664122,0.0,0.16793893129770993,0.0,0.17557251908396945,0.25190839694656486,0.0,0.19083969465648856,0.0,0.07633587786259542,0.0,0.0,0.0,0.0,0.0,0.0,0.0,0.0,0.0,0.0,0.25190839694656486,0.0,0.19083969465648856,0.0,0.07633587786259542,0.007633587786259542,0.0,0.1297709923664122,0.0,0.16793893129770993,0.0,0.17557251908396945,0.0,0.0,0.0,0.0,0.0,0.0,0.0,0.0,0.0,0.0,0.0,0.0,0.0,0.0,0.03076923076923077,0.0,0.015384615384615385,0.0,0.023076923076923078,0.038461538461538464,0.0,0.03076923076923077,0.0,0.015384615384615385,0.0,0.0,0.0,0.0,0.0,0.0,0.0,0.0,0.0,0.0
chant_374251,65,65,65,76,11,65,69,72,0.0,0.0,0.0,0.0,0.0,0.0,0.0,0.0,0.0,0.0,0.0,0.0,0.09271523178807947,0.0,0.12582781456953643,0.0,0.2251655629139073,0.08609271523178808,0.019867549668874173,0.2847682119205298,0.0,0.1456953642384106,0.0,0.019867549668874173,0.0,0.0,0.0,0.0,0.0,0.0,0.0,0.0,0.0,0.0,0.2847682119205298,0.0,0.1456953642384106,0.0,0.019867549668874173,0.09271523178807947,0.0,0.12582781456953643,0.0,0.2251655629139073,0.08609271523178808,0.019867549668874173,0.0,0.0,0.0,0.0,0.0,0.0,0.0,0.0,0.0,0.0,0.0,0.0,0.03333333333333333,0.0,0.02,0.0,0.04,0.006666666666666667,0.0,0.08,0.0,0.02666666666666667,0.0,0.0,0.0,0.0,0.0,0.0,0.0,0.0,0.0,0.0,0.0,0.0
chant_378316,62,64,60,72,12,62,65,62,0.0,0.0,0.0,0.0,0.0,0.0,0.0,0.024793388429752067,0.0,0.11570247933884298,0.0,0.1652892561983471,0.2644628099173554,0.0,0.2066115702479339,0.0,0.19008264462809918,0.0,0.0,0.03305785123966942,0.0,0.0,0.0,0.0,0.0,0.0,0.0,0.0,0.0,0.0,0.0,0.0,0.0,0.0,0.05785123966942149,0.0,0.11570247933884298,0.0,0.1652892561983471,0.2644628099173554,0.0,0.2066115702479339,0.0,0.19008264462809918,0.0,0.0,0.0,0.0,0.0,0.0,0.0,0.0,0.0,0.0,0.0,0.0,0.0,0.0,0.041666666666666664,0.0,0.008333333333333333,0.0,0.05,0.0,0.0,0.0,0.0,0.0,0.0,0.0,0.0,0.0,0.0,0.0,0.0,0.0,0.0,0.0,0.0,0.0
chant_380624,67,67,65,79,14,67,74,74,0.0,0.0,0.0,0.0,0.0,0.0,0.0,0.0,0.0,0.0,0.0,0.0,0.03296703296703297,0.0,0.15384615384615385,0.0,0.16483516483516483,0.0,0.07692307692307693,0.1978021978021978,0.0,0.24175824175824176,0.0,0.06593406593406594,0.054945054945054944,0.0,0.01098901098901099,0.0,0.0,0.0,0.0,0.0,0.0,0.0,0.1978021978021978,0.0,0.24175824175824176,0.0,0.06593406593406594,0.08791208791208792,0.0,0.16483516483516483,0.0,0.16483516483516483,0.0,0.07692307692307693,0.0,0.0,0.0,0.0,0.0,0.0,0.0,0.0,0.0,0.0,0.0,0.0,0.0,0.0,0.022222222222222223,0.0,0.044444444444444446,0.0,0.0,0.022222222222222223,0.0,0.06666666666666667,0.0,0.0,0.0,0.0,0.0,0.0,0.0,0.0,0.0,0.0,0.0,0.0
chant_380938,62,62,60,70,10,62,65,67,0.0,0.0,0.0,0.0,0.0,0.0,0.0,0.05128205128205128,0.0,0.18803418803418803,0.0,0.13675213675213677,0.2564102564102564,0.0,0.20512820512820512,0.0,0.15384615384615385,0.008547008547008548,0.0,0.0,0.0,0.0,0.0,0.0,0.0,0.0,0.0,0.0,0.0,0.0,0.0,0.0,0.0,0.0,0.05128205128205128,0.0,0.18803418803418803,0.0,0.13675213675213677,0.2564102564102564,0.0,0.20512820512820512,0.0,0.15384615384615385,0.008547008547008548,0.0,0.0,0.0,0.0,0.0,0.0,0.0,0.0,0.008620689655172414,0.0,0.04310344827586207,0.0,0.0,0.034482758620689655,0.0,0.034482758620689655,0.0,0.05172413793103448,0.0,0.0,0.0,0.0,0.0,0.0,0.0,0.0,0.0,0.0,0.0,0.0,0.0,0.0,0.0,0.0,0.0
chant_382033,69,65,65,77,12,69,69,65,0.0,0.0,0.0,0.0,0.0,0.0,0.0,0.0,0.0,0.0,0.0,0.0,0.06363636363636363,0.0,0.12727272727272726,0.0,0.2545454545454545,0.01818181818181818,0.1,0.2545454545454545,0.0,0.11818181818181818,0.0,0.02727272727272727,0.03636363636363636,0.0,0.0,0.0,0.0,0.0,0.0,0.0,0.0,0.0,0.2545454545454545,0.0,0.11818181818181818,0.0,0.02727272727272727,0.1,0.0,0.12727272727272726,0.0,0.2545454545454545,0.01818181818181818,0.1,0.0,0.0,0.0,0.0,0.0,0.0,0.0,0.0,0.0,0.0,0.0,0.0,0.009174311926605505,0.0,0.01834862385321101,0.0,0.06422018348623854,0.0,0.0,0.07339449541284404,0.0,0.009174311926605505,0.0,0.0,0.009174311926605505,0.0,0.0,0.0,0.0,0.0,0.0,0.0,0.0,0.0
chant_384956,57,62,57,70,13,57,60,62,0.0,0.0,0.0,0.0,0.013513513513513514,0.0,0.006756756756756757,0.10135135135135136,0.0,0.2702702702702703,0.0,0.20270270270270271,0.25,0.0,0.12162162162162163,0.0,0.02702702702702703,0.006756756756756757,0.0,0.0,0.0,0.0,0.0,0.0,0.0,0.0,0.0,0.0,0.0,0.0,0.0,0.0,0.0,0.0,0.10135135135135136,0.0,0.2702702702702703,0.0,0.20270270270270271,0.25,0.0,0.12162162162162163,0.0,0.04054054054054054,0.006756756756756757,0.006756756756756757,0.0,0.0,0.0,0.0,0.0,0.0,0.0,0.006802721088435374,0.0,0.061224489795918366,0.0,0.013605442176870748,0.034013605442176874,0.0,0.027210884353741496,0.0,0.006802721088435374,0.0,0.0,0.0,0.0,0.0,0.0,0.0,0.0,0.0,0.0,0.0,0.0,0.0,0.0,0.0,0.0,0.0
chant_411129,67,67,62,74,12,67,67,69,0.0,0.0,0.0,0.0,0.0,0.0,0.0,0.0,0.0,0.02631578947368421,0.0,0.05263157894736842,0.039473684210526314,0.0,0.2236842105263158,0.0,0.21052631578947367,0.0,0.19736842105263158,0.18421052631578946,0.0,0.06578947368421052,0.0,0.0,0.0,0.0,0.0,0.0,0.0,0.0,0.0,0.0,0.0,0.0,0.18421052631578946,0.0,0.09210526315789473,0.0,0.05263157894736842,0.039473684210526314,0.0,0.2236842105263158,0.0,0.21052631578947367,0.0,0.19736842105263158,0.0,0.0,0.0,0.0,0.0,0.0,0.0,0.0,0.0,0.0,0.0,0.0,0.0,0.0,0.10666666666666667,0.0,0.02666666666666667,0.0,0.02666666666666667,0.04,0.0,0.0,0.0,0.0,0.0,0.0,0.0,0.0,0.0,0.0,0.0,0.0,0.0,0.0
chant_412627,67,67,67,81,14,67,72,71,0.0,0.0,0.0,0.0,0.0,0.0,0.0,0.0,0.0,0.0,0.0,0.0,0.0,0.0,0.08490566037735849,0.0,0.16981132075471697,0.0,0.12264150943396226,0.1792452830188679,0.0,0.1792452830188679,0.0,0.11320754716981132,0.08490566037735849,0.0,0.05660377358490566,0.0,0.009433962264150943,0.0,0.0,0.0,0.0,0.0,0.1792452830188679,0.0,0.1792452830188679,0.0,0.11320754716981132,0.08490566037735849,0.0,0.14150943396226415,0.0,0.1792452830188679,0.0,0.12264150943396226,0.0,0.0,0.0,0.0,0.0,0.0,0.0,0.0,0.0,0.0,0.0,0.0,0.0,0.0,0.0,0.0,0.02857142857142857,0.0,0.0,0.0380952380952381,0.0,0.05714285714285714,0.0,0.0,0.009523809523809525,0.0,0.01904761904761905,0.0,0.0,0.0,0.0,0.0,0.0,0.0
chant_413341,64,64,59,74,15,64,64,62,0.0,0.0,0.0,0.0,0.0,0.0,0.007194244604316547,0.02158273381294964,0.0,0.1223021582733813,0.0,0.16546762589928057,0.12949640287769784,0.0,0.17985611510791366,0.0,0.17985611510791366,0.0,0.1079136690647482,0.07194244604316546,0.0,0.014388489208633094,0.0,0.0,0.0,0.0,0.0,0.0,0.0,0.0,0.0,0.0,0.0,0.0,0.09352517985611511,0.0,0.1366906474820144,0.0,0.16546762589928057,0.12949640287769784,0.0,0.17985611510791366,0.0,0.17985611510791366,0.0,0.11510791366906475,0.0,0.0,0.0,0.0,0.0,0.0,0.0,0.0,0.0,0.028985507246376812,0.0,0.043478260869565216,0.0,0.0,0.007246376811594203,0.0,0.007246376811594203,0.0,0.021739130434782608,0.007246376811594203,0.0,0.0,0.0,0.0,0.0,0.0,0.0,0.0,0.0,0.0,0.0,0.0,0.0,0.0
chant_414380,62,62,57,69,12,62,62,62,0.0,0.0,0.0,0.0,0.006896551724137931,0.0,0.0,0.1793103448275862,0.0,0.3931034482758621,0.0,0.1103448275862069,0.2413793103448276,0.0,0.05517241379310345,0.0,0.013793103448275862,0.0,0.0,0.0,0.0,0.0,0.0,0.0,0.0,0.0,0.0,0.0,0.0,0.0,0.0,0.0,0.0,0.0,0.1793103448275862,0.0,0.3931034482758621,0.0,0.1103448275862069,0.2413793103448276,0.0,0.05517241379310345,0.0,0.020689655172413793,0.0,0.0,0.0,0.0,0.0,0.0,0.0,0.0,0.0,0.05555555555555555,0.0,0.14583333333333334,0.0,0.020833333333333332,0.041666666666666664,0.0,0.006944444444444444,0.0,0.0,0.0,0.0,0.0,0.0,0.0,0.0,0.0,0.0,0.0,0.0,0.0,0.0,0.0,0.0,0.0,0.0,0.0
chant_414381,62,62,60,74,14,62,62,62,0.0,0.0,0.0,0.0,0.0,0.0,0.0,0.028688524590163935,0.0,0.18442622950819673,0.0,0.06147540983606557,0.24180327868852458,0.0,0.2540983606557377,0.0,0.16393442622950818,0.020491803278688523,0.00819672131147541,0.028688524590163935,0.0,0.00819672131147541,0.0,0.0,0.0,0.0,0.0,0.0,0.0,0.0,0.0,0.0,0.0,0.0,0.05737704918032787,0.0,0.19262295081967212,0.0,0.06147540983606557,0.24180327868852458,0.0,0.2540983606557377,0.0,0.16393442622950818,0.020491803278688523,0.00819672131147541,0.0,0.0,0.0,0.0,0.0,0.0,0.0,0.0,0.0,0.09465020576131687,0.0,0.00823045267489712,0.04938271604938271,0.0,0.06995884773662552,0.0,0.053497942386831275,0.00823045267489712,0.0,0.00411522633744856,0.0,0.00411522633744856,0.0,0.0,0.0,0.0,0.0,0.0,0.0,0.0,0.0,0.0,0.0,0.0
chant_414753,60,62,60,76,16,60,62,65,0.0,0.0,0.0,0.0,0.0,0.0,0.0,0.025423728813559324,0.0,0.08898305084745763,0.0,0.09745762711864407,0.1694915254237288,0.0,0.16101694915254236,0.0,0.1864406779661017,0.0,0.1016949152542373,0.1059322033898305,0.0,0.05084745762711865,0.0,0.012711864406779662,0.0,0.0,0.0,0.0,0.0,0.0,0.0,0.0,0.0,0.0,0.13135593220338984,0.0,0.13983050847457626,0.0,0.11016949152542373,0.1694915254237288,0.0,0.16101694915254236,0.0,0.1864406779661017,0.0,0.1016949152542373,0.0,0.0,0.0,0.0,0.0,0.0,0.0,0.0,0.0,0.01276595744680851,0.0,0.00851063829787234,0.01702127659574468,0.0,0.01276595744680851,0.0,0.02553191489361702,0.0,0.0,0.0,0.0,0.00851063829787234,0.0,0.0,0.0,0.0,0.0,0.0,0.0,0.0,0.0,0.0,0.0,0.0
chant_416412,60,62,60,71,11,60,62,64,0.0,0.0,0.0,0.0,0.0,0.0,0.0,0.061224489795918366,0.0,0.2653061224489796,0.0,0.30612244897959184,0.22448979591836735,0.0,0.09183673469387756,0.0,0.04081632653061224,0.0,0.01020408163265306,0.0,0.0,0.0,0.0,0.0,0.0,0.0,0.0,0.0,0.0,0.0,0.0,0.0,0.0,0.0,0.061224489795918366,0.0,0.2653061224489796,0.0,0.30612244897959184,0.22448979591836735,0.0,0.09183673469387756,0.0,0.04081632653061224,0.0,0.01020408163265306,0.0,0.0,0.0,0.0,0.0,0.0,0.0,0.0,0.0,0.05154639175257732,0.0,0.030927835051546393,0.05154639175257732,0.0,0.0,0.0,0.010309278350515464,0.0,0.0,0.0,0.0,0.0,0.0,0.0,0.0,0.0,0.0,0.0,0.0,0.0,0.0,0.0,0.0,0.0
chant_421296,62,62,60,67,7,62,62,65,0.0,0.0,0.0,0.0,0.0,0.0,0.0,0.09900990099009901,0.0,0.25742574257425743,0.0,0.26732673267326734,0.26732673267326734,0.0,0.10891089108910891,0.0,0.0,0.0,0.0,0.0,0.0,0.0,0.0,0.0,0.0,0.0,0.0,0.0,0.0,0.0,0.0,0.0,0.0,0.0,0.09900990099009901,0.0,0.25742574257425743,0.0,0.26732673267326734,0.26732673267326734,0.0,0.10891089108910891,0.0,0.0,0.0,0.0,0.0,0.0,0.0,0.0,0.0,0.0,0.0,0.03,0.0,0.04,0.0,0.01,0.02,0.0,0.02,0.0,0.0,0.0,0.0,0.0,0.0,0.0,0.0,0.0,0.0,0.0,0.0,0.0,0.0,0.0,0.0,0.0,0.0,0.0
chant_424335,62,67,60,74,14,62,62,65,0.0,0.0,0.0,0.0,0.0,0.0,0.0,0.02702702702702703,0.0,0.09009009009009009,0.0,0.036036036036036036,0.12612612612612611,0.0,0.35135135135135137,0.0,0.21621621621621623,0.02702702702702703,0.009009009009009009,0.0990990990990991,0.0,0.018018018018018018,0.0,0.0,0.0,0.0,0.0,0.0,0.0,0.0,0.0,0.0,0.0,0.0,0.12612612612612611,0.0,0.10810810810810811,0.0,0.036036036036036036,0.12612612612612611,0.0,0.35135135135135137,0.0,0.21621621621621623,0.02702702702702703,0.009009009009009009,0.0,0.0,0.0,0.0,0.0,0.0,0.0,0.00909090909090909,0.0,0.02727272727272727,0.0,0.0,0.0,0.0,0.18181818181818182,0.0,0.02727272727272727,0.0,0.0,0.0,0.0,0.0,0.0,0.0,0.0,0.0,0.0,0.0,0.0,0.0,0.0,0.0,0.0,0.0
chant_427136,62,67,60,74,14,62,62,65,0.0,0.0,0.0,0.0,0.0,0.0,0.0,0.01764705882352941,0.0,0.07058823529411765,0.0,0.03529411764705882,0.10588235294117647,0.0,0.20588235294117646,0.0,0.23529411764705882,0.0,0.1,0.18235294117647058,0.0,0.047058823529411764,0.0,0.0,0.0,0.0,0.0,0.0,0.0,0.0,0.0,0.0,0.0,0.0,0.2,0.0,0.11764705882352941,0.0,0.03529411764705882,0.10588235294117647,0.0,0.20588235294117646,0.0,0.23529411764705882,0.0,0.1,0.0,0.0,0.0,0.0,0.0,0.0,0.0,0.0,0.0,0.023668639053254437,0.0,0.0,0.023668639053254437,0.0,0.05325443786982249,0.0,0.03550295857988166,0.0,0.0,0.047337278106508875,0.0,0.005917159763313609,0.0,0.0,0.0,0.0,0.0,0.0,0.0,0.0,0.0,0.0,0.0,0.0
chant_432713,60,62,60,69,9,60,62,64,0.0,0.0,0.0,0.0,0.0,0.0,0.0,0.0641025641025641,0.0,0.24358974358974358,0.0,0.3333333333333333,0.24358974358974358,0.0,0.08974358974358974,0.0,0.02564102564102564,0.0,0.0,0.0,0.0,0.0,0.0,0.0,0.0,0.0,0.0,0.0,0.0,0.0,0.0,0.0,0.0,0.0,0.0641025641025641,0.0,0.24358974358974358,0.0,0.3333333333333333,0.24358974358974358,0.0,0.08974358974358974,0.0,0.02564102564102564,0.0,0.0,0.0,0.0,0.0,0.0,0.0,0.0,0.0,0.012987012987012988,0.0,0.03896103896103896,0.0,0.025974025974025976,0.025974025974025976,0.0,0.0,0.0,0.012987012987012988,0.0,0.0,0.0,0.0,0.0,0.0,0.0,0.0,0.0,0.0,0.0,0.0,0.0,0.0,0.0,0.0,0.0
chant_441788,65,64,60,72,12,65,65,65,0.0,0.0,0.0,0.0,0.0,0.0,0.0,0.012658227848101266,0.0,0.11392405063291139,0.0,0.13924050632911392,0.3037974683544304,0.0,0.21518987341772153,0.0,0.16455696202531644,0.02531645569620253,0.0,0.02531645569620253,0.0,0.0,0.0,0.0,0.0,0.0,0.0,0.0,0.0,0.0,0.0,0.0,0.0,0.0,0.0379746835443038,0.0,0.11392405063291139,0.0,0.13924050632911392,0.3037974683544304,0.0,0.21518987341772153,0.0,0.16455696202531644,0.02531645569620253,0.0,0.0,0.0,0.0,0.0,0.0,0.0,0.0,0.0,0.0,0.02564102564102564,0.0,0.01282051282051282,0.10256410256410256,0.0,0.02564102564102564,0.0,0.05128205128205128,0.0,0.0,0.01282051282051282,0.0,0.0,0.0,0.0,0.0,0.0,0.0,0.0,0.0,0.0,0.0,0.0,0.0,0.0
chant_441978,67,67,65,79,14,67,69,67,0.0,0.0,0.0,0.0,0.0,0.0,0.0,0.0,0.0,0.0,0.0,0.0,0.08433734939759036,0.0,0.24096385542168675,0.0,0.2289156626506024,0.0,0.08433734939759036,0.1686746987951807,0.0,0.10843373493975904,0.0,0.060240963855421686,0.012048192771084338,0.0,0.012048192771084338,0.0,0.0,0.0,0.0,0.0,0.0,0.0,0.1686746987951807,0.0,0.10843373493975904,0.0,0.060240963855421686,0.0963855421686747,0.0,0.25301204819277107,0.0,0.2289156626506024,0.0,0.08433734939759036,0.0,0.0,0.0,0.0,0.0,0.0,0.0,0.0,0.0,0.0,0.0,0.0,0.024390243902439025,0.0,0.07317073170731707,0.0,0.036585365853658534,0.0,0.0,0.04878048780487805,0.0,0.036585365853658534,0.0,0.012195121951219513,0.0,0.0,0.0,0.0,0.0,0.0,0.0,0.0,0.0,0.0
chant_445366,67,67,65,79,14,67,72,74,0.0,0.0,0.0,0.0,0.0,0.0,0.0,0.0,0.0,0.0,0.0,0.0,0.027777777777777776,0.0,0.13333333333333333,0.0,0.17222222222222222,0.0,0.11666666666666667,0.18333333333333332,0.0,0.15,0.0,0.10555555555555556,0.08333333333333333,0.0,0.027777777777777776,0.0,0.0,0.0,0.0,0.0,0.0,0.0,0.18333333333333332,0.0,0.15,0.0,0.10555555555555556,0.1111111111111111,0.0,0.16111111111111112,0.0,0.17222222222222222,0.0,0.11666666666666667,0.0,0.0,0.0,0.0,0.0,0.0,0.0,0.0,0.0,0.0,0.0,0.0,0.0111731843575419,0.0,0.027932960893854747,0.0,0.0223463687150838,0.0,0.0,0.03910614525139665,0.0,0.01675977653631285,0.0,0.00558659217877095,0.0223463687150838,0.0,0.0,0.0,0.0,0.0,0.0,0.0,0.0,0.0
chant_448682,57,62,57,67,10,57,57,60,0.0,0.0,0.0,0.0,0.01680672268907563,0.0,0.0,0.06722689075630252,0.0,0.3025210084033613,0.0,0.21008403361344538,0.3277310924369748,0.0,0.07563025210084033,0.0,0.0,0.0,0.0,0.0,0.0,0.0,0.0,0.0,0.0,0.0,0.0,0.0,0.0,0.0,0.0,0.0,0.0,0.0,0.06722689075630252,0.0,0.3025210084033613,0.0,0.21008403361344538,0.3277310924369748,0.0,0.07563025210084033,0.0,0.01680672268907563,0.0,0.0,0.0,0.0,0.0,0.0,0.00847457627118644,0.0,0.0,0.01694915254237288,0.0,0.11016949152542373,0.0,0.01694915254237288,0.11016949152542373,0.0,0.01694915254237288,0.0,0.0,0.0,0.0,0.0,0.0,0.0,0.0,0.0,0.0,0.0,0.0,0.0,0.0,0.0,0.0,0.0,0.0,0.0
chant_449004,62,67,60,74,14,62,67,65,0.0,0.0,0.0,0.0,0.0,0.0,0.0,0.00625,0.0,0.05625,0.0,0.03125,0.11875,0.0,0.25,0.0,0.225,0.0,0.075,0.175,0.0,0.0625,0.0,0.0,0.0,0.0,0.0,0.0,0.0,0.0,0.0,0.0,0.0,0.0,0.18125,0.0,0.11875,0.0,0.03125,0.11875,0.0,0.25,0.0,0.225,0.0,0.075,0.0,0.0,0.0,0.0,0.0,0.0,0.0,0.0,0.0,0.018867924528301886,0.0,0.0,0.012578616352201259,0.0,0.08176100628930817,0.0,0.050314465408805034,0.0,0.0,0.05660377358490566,0.0,0.006289308176100629,0.0,0.0,0.0,0.0,0.0,0.0,0.0,0.0,0.0,0.0,0.0,0.0
chant_453154,65,62,55,67,12,65,65,65,0.0,0.0,0.010416666666666666,0.0,0.052083333333333336,0.0,0.03125,0.11458333333333333,0.0,0.2708333333333333,0.0,0.19791666666666666,0.28125,0.0,0.041666666666666664,0.0,0.0,0.0,0.0,0.0,0.0,0.0,0.0,0.0,0.0,0.0,0.0,0.0,0.0,0.0,0.0,0.0,0.0,0.0,0.11458333333333333,0.0,0.2708333333333333,0.0,0.19791666666666666,0.28125,0.0,0.052083333333333336,0.0,0.052083333333333336,0.0,0.03125,0.0,0.0,0.0,0.0,0.010526315789473684,0.0,0.0,0.031578947368421054,0.0,0.07368421052631578,0.0,0.0,0.10526315789473684,0.0,0.0,0.0,0.0,0.0,0.0,0.0,0.0,0.0,0.0,0.0,0.0,0.0,0.0,0.0,0.0,0.0,0.0,0.0,0.0,0.0
chant_457487,60,62,60,71,11,60,62,64,0.0,0.0,0.0,0.0,0.0,0.0,0.0,0.07368421052631578,0.0,0.22105263157894736,0.0,0.1368421052631579,0.18947368421052632,0.0,0.2,0.0,0.14736842105263157,0.0,0.031578947368421054,0.0,0.0,0.0,0.0,0.0,0.0,0.0,0.0,0.0,0.0,0.0,0.0,0.0,0.0,0.0,0.07368421052631578,0.0,0.22105263157894736,0.0,0.1368421052631579,0.18947368421052632,0.0,0.2,0.0,0.14736842105263157,0.0,0.031578947368421054,0.0,0.0,0.0,0.0,0.0,0.0,0.0,0.0,0.0,0.05319148936170213,0.0,0.0,0.02127659574468085,0.0,0.0425531914893617,0.0,0.02127659574468085,0.0,0.0,0.0,0.0,0.0,0.0,0.0,0.0,0.0,0.0,0.0,0.0,0.0,0.0,0.0,0.0,0.0
chant_459135,67,67,65,81,16,67,67,67,0.0,0.0,0.0,0.0,0.0,0.0,0.0,0.0,0.0,0.0,0.0,0.0,0.0189873417721519,0.0,0.11392405063291139,0.0,0.15822784810126583,0.0,0.056962025316455694,0.18354430379746836,0.0,0.1962025316455696,0.0,0.10759493670886076,0.12025316455696203,0.0,0.03164556962025317,0.0,0.012658227848101266,0.0,0.0,0.0,0.0,0.0,0.18354430379746836,0.0,0.1962025316455696,0.0,0.10759493670886076,0.13924050632911392,0.0,0.14556962025316456,0.0,0.17088607594936708,0.0,0.056962025316455694,0.0,0.0,0.0,0.0,0.0,0.0,0.0,0.0,0.0,0.0,0.0,0.0,0.0,0.0,0.01910828025477707,0.0,0.050955414012738856,0.0,0.0,0.03821656050955414,0.0,0.05732484076433121,0.0,0.0,0.0,0.0,0.006369426751592357,0.0,0.0,0.0,0.0,0.0,0.0,0.0
chant_459654,65,67,65,74,9,65,65,67,0.0,0.0,0.0,0.0,0.0,0.0,0.0,0.0,0.0,0.0,0.0,0.0,0.04938271604938271,0.0,0.19135802469135801,0.0,0.24074074074074073,0.0,0.13580246913580246,0.30246913580246915,0.0,0.08024691358024691,0.0,0.0,0.0,0.0,0.0,0.0,0.0,0.0,0.0,0.0,0.0,0.0,0.30246913580246915,0.0,0.08024691358024691,0.0,0.0,0.04938271604938271,0.0,0.19135802469135801,0.0,0.24074074074074073,0.0,0.13580246913580246,0.0,0.0,0.0,0.0,0.0,0.0,0.0,0.0,0.0,0.0,0.0,0.0,0.006211180124223602,0.0,0.062111801242236024,0.0,0.055900621118012424,0.0,0.0,0.08074534161490683,0.0,0.018633540372670808,0.0,0.0,0.0,0.0,0.0,0.0,0.0,0.0,0.0,0.0,0.0,0.0
chant_459868,72,67,65,74,9,72,72,72,0.0,0.0,0.0,0.0,0.0,0.0,0.0,0.0,0.0,0.0,0.0,0.0,0.03278688524590164,0.0,0.2786885245901639,0.0,0.21311475409836064,0.0,0.13114754098360656,0.2459016393442623,0.0,0.09836065573770492,0.0,0.0,0.0,0.0,0.0,0.0,0.0,0.0,0.0,0.0,0.0,0.0,0.2459016393442623,0.0,0.09836065573770492,0.0,0.0,0.03278688524590164,0.0,0.2786885245901639,0.0,0.21311475409836064,0.0,0.13114754098360656,0.0,0.0,0.0,0.0,0.0,0.0,0.0,0.0,0.0,0.0,0.0,0.0,0.0,0.0,0.13333333333333333,0.0,0.0,0.0,0.0,0.06666666666666667,0.0,0.016666666666666666,0.0,0.0,0.0,0.0,0.0,0.0,0.0,0.0,0.0,0.0,0.0,0.0
chant_461226,67,67,67,79,12,67,74,77,0.0,0.0,0.0,0.0,0.0,0.0,0.0,0.0,0.0,0.0,0.0,0.0,0.0,0.0,0.06944444444444445,0.0,0.1111111111111111,0.0,0.14583333333333334,0.24305555555555555,0.0,0.2986111111111111,0.0,0.09722222222222222,0.013888888888888888,0.0,0.020833333333333332,0.0,0.0,0.0,0.0,0.0,0.0,0.0,0.24305555555555555,0.0,0.2986111111111111,0.0,0.09722222222222222,0.013888888888888888,0.0,0.09027777777777778,0.0,0.1111111111111111,0.0,0.14583333333333334,0.0,0.0,0.0,0.0,0.0,0.0,0.0,0.0,0.0,0.0,0.0,0.0,0.0,0.0,0.006993006993006993,0.0,0.013986013986013986,0.0,0.0,0.04195804195804196,0.0,0.0979020979020979,0.0,0.006993006993006993,0.0,0.0,0.006993006993006993,0.0,0.0,0.0,0.0,0.0,0.0,0.0
chant_462017,67,67,60,74,14,67,67,69,0.0,0.0,0.0,0.0,0.0,0.0,0.0,0.014285714285714285,0.0,0.05714285714285714,0.0,0.07142857142857142,0.11428571428571428,0.0,0.29285714285714287,0.0,0.25,0.0,0.1,0.09285714285714286,0.0,0.007142857142857143,0.0,0.0,0.0,0.0,0.0,0.0,0.0,0.0,0.0,0.0,0.0,0.0,0.10714285714285714,0.0,0.06428571428571428,0.0,0.07142857142857142,0.11428571428571428,0.0,0.29285714285714287,0.0,0.25,0.0,0.1,0.0,0.0,0.0,0.0,0.0,0.0,0.0,0.0,0.0,0.014388489208633094,0.0,0.0,0.007194244604316547,0.0,0.08633093525179857,0.0,0.03597122302158273,0.0,0.007194244604316547,0.014388489208633094,0.0,0.0,0.0,0.0,0.0,0.0,0.0,0.0,0.0,0.0,0.0,0.0,0.0,0.0
chant_463858,60,62,57,67,10,60,62,65,0.0,0.0,0.0,0.0,0.010416666666666666,0.0,0.010416666666666666,0.10416666666666667,0.0,0.3333333333333333,0.0,0.17708333333333334,0.3229166666666667,0.0,0.041666666666666664,0.0,0.0,0.0,0.0,0.0,0.0,0.0,0.0,0.0,0.0,0.0,0.0,0.0,0.0,0.0,0.0,0.0,0.0,0.0,0.10416666666666667,0.0,0.3333333333333333,0.0,0.17708333333333334,0.3229166666666667,0.0,0.041666666666666664,0.0,0.010416666666666666,0.0,0.010416666666666666,0.0,0.0,0.0,0.0,0.0,0.0,0.0,0.010526315789473684,0.0,0.08421052631578947,0.0,0.0,0.08421052631578947,0.0,0.0,0.0,0.0,0.0,0.0,0.0,0.0,0.0,0.0,0.0,0.0,0.0,0.0,0.0,0.0,0.0,0.0,0.0,0.0,0.0
chant_470987,57,62,57,69,12,57,62,60,0.0,0.0,0.0,0.0,0.00819672131147541,0.0,0.0,0.06557377049180328,0.0,0.28688524590163933,0.0,0.2459016393442623,0.2459016393442623,0.0,0.10655737704918032,0.0,0.040983606557377046,0.0,0.0,0.0,0.0,0.0,0.0,0.0,0.0,0.0,0.0,0.0,0.0,0.0,0.0,0.0,0.0,0.0,0.06557377049180328,0.0,0.28688524590163933,0.0,0.2459016393442623,0.2459016393442623,0.0,0.10655737704918032,0.0,0.04918032786885246,0.0,0.0,0.0,0.0,0.0,0.0,0.0,0.0,0.0,0.01652892561983471,0.0,0.09090909090909091,0.0,0.03305785123966942,0.05785123966942149,0.0,0.008264462809917356,0.0,0.0,0.0,0.0,0.0,0.0,0.0,0.0,0.0,0.0,0.0,0.0,0.0,0.0,0.0,0.0,0.0,0.0,0.0
chant_471497,65,67,62,74,12,65,69,72,0.0,0.0,0.0,0.0,0.0,0.0,0.0,0.0,0.0,0.024390243902439025,0.0,0.012195121951219513,0.036585365853658534,0.0,0.21951219512195122,0.0,0.2926829268292683,0.0,0.15853658536585366,0.1951219512195122,0.0,0.06097560975609756,0.0,0.0,0.0,0.0,0.0,0.0,0.0,0.0,0.0,0.0,0.0,0.0,0.1951219512195122,0.0,0.08536585365853659,0.0,0.012195121951219513,0.036585365853658534,0.0,0.21951219512195122,0.0,0.2926829268292683,0.0,0.15853658536585366,0.0,0.0,0.0,0.0,0.0,0.0,0.0,0.0,0.0,0.0,0.0,0.0,0.0,0.0,0.037037037037037035,0.0,0.024691358024691357,0.0,0.0,0.04938271604938271,0.0,0.0,0.0,0.0,0.0,0.0,0.0,0.0,0.0,0.0,0.0,0.0,0.0,0.0
chant_471558,62,62,57,69,12,62,60,62,0.0,0.0,0.0,0.0,0.0078125,0.0,0.0,0.15625,0.0,0.34375,0.0,0.171875,0.25,0.0,0.0625,0.0,0.0078125,0.0,0.0,0.0,0.0,0.0,0.0,0.0,0.0,0.0,0.0,0.0,0.0,0.0,0.0,0.0,0.0,0.0,0.15625,0.0,0.34375,0.0,0.171875,0.25,0.0,0.0625,0.0,0.015625,0.0,0.0,0.0,0.0,0.0,0.0,0.0,0.0,0.0,0.03937007874015748,0.0,0.08661417322834646,0.0,0.0,0.031496062992125984,0.0,0.007874015748031496,0.0,0.0,0.0,0.0,0.0,0.0,0.0,0.0,0.0,0.0,0.0,0.0,0.0,0.0,0.0,0.0,0.0,0.0,0.0
chant_472666,57,62,57,69,12,57,60,62,0.0,0.0,0.0,0.0,0.02127659574468085,0.0,0.0,0.1276595744680851,0.0,0.2765957446808511,0.0,0.10638297872340426,0.3191489361702128,0.0,0.09574468085106383,0.0,0.05319148936170213,0.0,0.0,0.0,0.0,0.0,0.0,0.0,0.0,0.0,0.0,0.0,0.0,0.0,0.0,0.0,0.0,0.0,0.1276595744680851,0.0,0.2765957446808511,0.0,0.10638297872340426,0.3191489361702128,0.0,0.09574468085106383,0.0,0.07446808510638298,0.0,0.0,0.0,0.0,0.0,0.0,0.0,0.0,0.0,0.0,0.0,0.08602150537634409,0.0,0.0,0.11827956989247312,0.0,0.021505376344086023,0.0,0.0,0.0,0.0,0.0,0.0,0.0,0.0,0.0,0.0,0.0,0.0,0.0,0.0,0.0,0.0,0.0,0.0,0.0
chant_483538,57,62,57,69,12,57,60,62,0.0,0.0,0.0,0.0,0.008130081300813009,0.0,0.0,0.06504065040650407,0.0,0.2601626016260163,0.0,0.21951219512195122,0.3089430894308943,0.0,0.12195121951219512,0.0,0.016260162601626018,0.0,0.0,0.0,0.0,0.0,0.0,0.0,0.0,0.0,0.0,0.0,0.0,0.0,0.0,0.0,0.0,0.0,0.06504065040650407,0.0,0.2601626016260163,0.0,0.21951219512195122,0.3089430894308943,0.0,0.12195121951219512,0.0,0.024390243902439025,0.0,0.0,0.0,0.0,0.0,0.0,0.0,0.0,0.0,0.00819672131147541,0.0,0.04918032786885246,0.0,0.02459016393442623,0.05737704918032787,0.0,0.03278688524590164,0.0,0.0,0.0,0.0,0.0,0.0,0.0,0.0,0.0,0.0,0.0,0.0,0.0,0.0,0.0,0.0,0.0,0.0,0.0
chant_483939,62,62,62,76,14,62,69,72,0.0,0.0,0.0,0.0,0.0,0.0,0.0,0.0,0.0,0.05825242718446602,0.0,0.02912621359223301,0.10679611650485436,0.0,0.21359223300970873,0.0,0.30097087378640774,0.0,0.06796116504854369,0.13592233009708737,0.0,0.06796116504854369,0.0,0.019417475728155338,0.0,0.0,0.0,0.0,0.0,0.0,0.0,0.0,0.0,0.0,0.13592233009708737,0.0,0.1262135922330097,0.0,0.04854368932038835,0.10679611650485436,0.0,0.21359223300970873,0.0,0.30097087378640774,0.0,0.06796116504854369,0.0,0.0,0.0,0.0,0.0,0.0,0.0,0.0,0.0,0.0,0.0,0.0,0.029411764705882353,0.0,0.029411764705882353,0.0,0.08823529411764706,0.0,0.0,0.0,0.0,0.0196078431372549,0.0,0.0,0.0,0.0,0.0,0.0,0.0,0.0,0.0,0.0,0.0,0.0
chant_484744,69,65,60,72,12,69,65,67,0.0,0.0,0.0,0.0,0.0,0.0,0.0,0.015151515151515152,0.0,0.045454545454545456,0.0,0.045454545454545456,0.24242424242424243,0.0,0.3181818181818182,0.0,0.25757575757575757,0.0,0.045454545454545456,0.030303030303030304,0.0,0.0,0.0,0.0,0.0,0.0,0.0,0.0,0.0,0.0,0.0,0.0,0.0,0.0,0.045454545454545456,0.0,0.045454545454545456,0.0,0.045454545454545456,0.24242424242424243,0.0,0.3181818181818182,0.0,0.25757575757575757,0.0,0.045454545454545456,0.0,0.0,0.0,0.0,0.0,0.0,0.0,0.0,0.0,0.0,0.0,0.0,0.046153846153846156,0.0,0.046153846153846156,0.0,0.03076923076923077,0.0,0.0,0.0,0.0,0.0,0.0,0.0,0.0,0.0,0.0,0.0,0.0,0.0,0.0,0.0,0.0,0.0
chant_485069,67,67,62,74,12,67,67,67,0.0,0.0,0.0,0.0,0.0,0.0,0.0,0.0,0.0,0.006329113924050633,0.0,0.006329113924050633,0.0759493670886076,0.0,0.24050632911392406,0.0,0.2974683544303797,0.03164556962025317,0.10126582278481013,0.18354430379746836,0.0,0.056962025316455694,0.0,0.0,0.0,0.0,0.0,0.0,0.0,0.0,0.0,0.0,0.0,0.0,0.18354430379746836,0.0,0.06329113924050633,0.0,0.006329113924050633,0.0759493670886076,0.0,0.24050632911392406,0.0,0.2974683544303797,0.03164556962025317,0.10126582278481013,0.0,0.0,0.0,0.0,0.0,0.0,0.0,0.0,0.0,0.0,0.0,0.0,0.03184713375796178,0.0,0.06369426751592357,0.0,0.050955414012738856,0.0,0.0,0.03184713375796178,0.0,0.01910828025477707,0.0,0.0,0.0,0.0,0.0,0.0,0.0,0.0,0.0,0.0,0.0,0.0
chant_486799,64,69,62,72,10,64,65,64,0.0,0.0,0.0,0.0,0.0,0.0,0.0,0.0,0.0,0.07142857142857142,0.0,0.21428571428571427,0.14285714285714285,0.0,0.2857142857142857,0.0,0.21428571428571427,0.0,0.03571428571428571,0.03571428571428571,0.0,0.0,0.0,0.0,0.0,0.0,0.0,0.0,0.0,0.0,0.0,0.0,0.0,0.0,0.03571428571428571,0.0,0.07142857142857142,0.0,0.21428571428571427,0.14285714285714285,0.0,0.2857142857142857,0.0,0.21428571428571427,0.0,0.03571428571428571,0.0,0.0,0.0,0.0,0.0,0.0,0.0,0.0,0.0,0.0,0.0,0.037037037037037035,0.0,0.0,0.037037037037037035,0.0,0.0,0.0,0.0,0.0,0.0,0.0,0.0,0.0,0.0,0.0,0.0,0.0,0.0,0.0,0.0,0.0,0.0,0.0
chant_488301,65,64,60,72,12,65,64,65,0.0,0.0,0.0,0.0,0.0,0.0,0.0,0.013574660633484163,0.0,0.07239819004524888,0.0,0.12669683257918551,0.2398190045248869,0.0,0.248868778280543,0.0,0.23076923076923078,0.03167420814479638,0.01809954751131222,0.01809954751131222,0.0,0.0,0.0,0.0,0.0,0.0,0.0,0.0,0.0,0.0,0.0,0.0,0.0,0.0,0.03167420814479638,0.0,0.07239819004524888,0.0,0.12669683257918551,0.2398190045248869,0.0,0.248868778280543,0.0,0.23076923076923078,0.03167420814479638,0.01809954751131222,0.0,0.0,0.0,0.0,0.0,0.0,0.0,0.0,0.0,0.004545454545454545,0.0,0.004545454545454545,0.05454545454545454,0.0,0.031818181818181815,0.0,0.05909090909090909,0.0,0.0,0.004545454545454545,0.0,0.0,0.0,0.0,0.0,0.0,0.0,0.0,0.0,0.0,0.0,0.0,0.0,0.0
chant_491708,64,64,62,77,15,64,62,67,0.0,0.0,0.0,0.0,0.0,0.0,0.0,0.0,0.0,0.017241379310344827,0.0,0.034482758620689655,0.05172413793103448,0.0,0.1206896551724138,0.0,0.2413793103448276,0.0,0.1810344827586207,0.2413793103448276,0.0,0.06896551724137931,0.0,0.034482758620689655,0.008620689655172414,0.0,0.0,0.0,0.0,0.0,0.0,0.0,0.0,0.0,0.2413793103448276,0.0,0.08620689655172414,0.0,0.06896551724137931,0.0603448275862069,0.0,0.1206896551724138,0.0,0.2413793103448276,0.0,0.1810344827586207,0.0,0.0,0.0,0.0,0.0,0.0,0.0,0.0,0.0,0.0,0.0,0.0,0.017391304347826087,0.0,0.0,0.0,0.043478260869565216,0.0,0.034782608695652174,0.06956521739130435,0.0,0.008695652173913044,0.0,0.017391304347826087,0.0,0.0,0.0,0.0,0.0,0.0,0.0,0.0,0.0,0.0
chant_493908,65,65,60,74,14,65,67,65,0.0,0.0,0.0,0.0,0.0,0.0,0.0,0.037037037037037035,0.0,0.022222222222222223,0.0,0.0,0.2518518518518518,0.0,0.17777777777777778,0.0,0.17037037037037037,0.13333333333333333,0.007407407407407408,0.15555555555555556,0.0,0.044444444444444446,0.0,0.0,0.0,0.0,0.0,0.0,0.0,0.0,0.0,0.0,0.0,0.0,0.1925925925925926,0.0,0.06666666666666667,0.0,0.0,0.2518518518518518,0.0,0.17777777777777778,0.0,0.17037037037037037,0.13333333333333333,0.007407407407407408,0.0,0.0,0.0,0.0,0.0,0.0,0.0,0.0,0.0,0.0,0.0,0.0,0.06716417910447761,0.0,0.0,0.0,0.03731343283582089,0.014925373134328358,0.0,0.03731343283582089,0.0,0.0,0.0,0.0,0.0,0.0,0.0,0.0,0.0,0.0,0.0,0.0,0.0,0.0
